StationID,SampleDate,ArrivalTime,ArrivalTimeZone,SamplingOrganization,SampleType,Vessel,NavType,Salinity,SalinityUnits,WeatherCode,WindSpeed,WindSpeedUnits,WindDirection,SwellHeight,SwellHeightUnits,SwellPeriod,SwellDirection,SeaState,StationFailCode,Abandoned,Comments
6001,16-Jul-08,3:55:43 PM,PDT,WS,GRAB,Avon,GPS,33.2,PSU,Clear,8,KTS,W,0,FT,-99,XX,Calm,None,FALSE,
6004,16-Jul-08,3:04:56 PM,PDT,WS,GRAB,Avon,GPS,33.06,PSU,Clear,10,KTS,W,0,FT,-99,XX,Calm,None,FALSE,
6009,16-Jul-08,1:23:31 PM,PDT,WS,GRAB,Avon,GPS,32.79,PSU,Clear,10,KTS,W,0,FT,-99,XX,Calm,None,FALSE,
6010,16-Jul-08,12:40:31 PM,PDT,WS,GRAB,Avon,GPS,32.14,PSU,Clear,8,KTS,W,0,FT,-99,XX,Calm,None,FALSE,
6012,16-Jul-08,11:01:04 AM,PDT,WS,GRAB,Avon,GPS,30.76,PSU,Haze,8,KTS,W,0,FT,-99,XX,Calm,None,FALSE,
6015,22-Aug-08,12:01:00 PM,PDT,WS,GRAB,RADON,DGPS,-99,PSU,Clear,5,KTS,W,0,FT,0,XX,Calm,None,FALSE,
6017,22-Aug-08,12:45:48 PM,PDT,WS,GRAB,RADON,DGPS,-99,PSU,Clear,5,KTS,XX,0,FT,0,XX,Calm,None,FALSE,
6025,22-Aug-08,10:55:56 AM,PDT,WS,GRAB,RADON,DGPS,-99,PSU,Clear,0,KTS,XX,0,FT,0,XX,Calm,None,FALSE,
6027,22-Aug-08,10:30:09 AM,PDT,WS,GRAB,RADON,DGPS,-99,PSU,Overcast,0,KTS,XX,0,FT,0,XX,Calm,None,FALSE,
6031,22-Aug-08,11:22:45 AM,PDT,WS,GRAB,RADON,DGPS,-99,PSU,Clear,5,KTS,W,0,FT,0,XX,Calm,None,FALSE,
6039,21-Aug-08,2:52:55 PM,PDT,WS,GRAB,RADON,DGPS,-99,PSU,Clear,10,KTS,W,1,FT,5,W,Choppy,None,FALSE,
6040,21-Aug-08,3:25:19 PM,PDT,WS,GRAB,RADON,DGPS,-99,PSU,Clear,5,KTS,W,0,FT,0,XX,Calm,None,FALSE,
6041,22-Aug-08,7:28:34 AM,PDT,WS,GRAB,RADON,DGPS,-99,PSU,Overcast,5,KTS,W,0,FT,0,XX,Calm,None,FALSE,
6042,21-Aug-08,2:16:49 PM,PDT,WS,GRAB,RADON,DGPS,-99,PSU,Clear,10,KTS,W,1,FT,5,W,Choppy,None,FALSE,
6044,22-Aug-08,1:09:36 PM,PDT,WS,GRAB,RADON,DGPS,-99,PSU,Clear,5,KTS,W,0,FT,0,W,Calm,None,FALSE,
6045,22-Aug-08,8:10:58 AM,PDT,WS,GRAB,RADON,DGPS,-99,PSU,Overcast,10,KTS,W,0,FT,0,XX,Calm,None,FALSE,
6046,22-Aug-08,8:47:29 AM,PDT,WS,GRAB,RADON,DGPS,-99,PSU,Overcast,5,KTS,W,0,FT,0,XX,Calm,None,FALSE,
6047,22-Aug-08,9:11:20 AM,PDT,WS,GRAB,RADON,DGPS,-99,PSU,Overcast,5,KTS,W,0,FT,0,XX,Calm,None,FALSE,
6049,21-Aug-08,7:21:15 AM,PDT,WS,GRAB,RADON,DGPS,-99,PSU,Overcast,0,KTS,XX,0,FT,0,XX,Calm,None,FALSE,
6052,10-Jul-08,10:20:39 AM,PDT,WS,GRAB,Avon,GPS,33.78,PSU,Clear,1,KTS,W,0.1,FT,1,E,Calm,None,FALSE,
6054,21-Aug-08,1:44:01 PM,PDT,WS,GRAB,RADON,DGPS,-99,PSU,Clear,10,KTS,W,1,FT,0,W,Choppy,None,FALSE,
6057,10-Jul-08,11:24:27 AM,PDT,WS,GRAB,Avon,GPS,34.81,PSU,Clear,3,KTS,W,0.1,FT,1,E,Calm,None,FALSE,
6060,10-Jul-08,12:44:03 PM,PDT,WS,GRAB,Avon,GPS,33.49,PSU,Clear,5,KTS,W,0.3,FT,1,E,Choppy,None,FALSE,
6065,10-Jul-08,2:19:35 PM,PDT,WS,GRAB,Avon,GPS,32.95,PSU,Clear,7,KTS,W,0.3,FT,1,E,Choppy,None,FALSE,
6068,21-Aug-08,11:45:01 AM,PDT,WS,GRAB,RADON,DGPS,-99,PSU,Clear,10,KTS,W,1,FT,5,W,Calm,None,FALSE,
6069,10-Jul-08,2:37:33 PM,PDT,WS,GRAB,Avon,GPS,30.44,PSU,Clear,7,KTS,W,0.2,FT,1,E,Choppy,None,FALSE,
6071,21-Aug-08,11:31:03 AM,PDT,WS,GRAB,RADON,DGPS,-99,PSU,Clear,10,KTS,W,0,FT,0,XX,Calm,None,FALSE,
6072,19-Aug-08,10:43:38 AM,PDT,WS,GRAB,RADON,DGPS,-99,PSU,Clear,15,KTS,W,1,FT,5,W,Choppy,None,FALSE,
6075,19-Aug-08,9:47:12 AM,PDT,WS,GRAB,RADON,DGPS,-99,PSU,Overcast,15,KTS,W,1,FT,5,W,Choppy,None,FALSE,
6077,01-Jan-08,11:59:00 AM,PST,WS,GRAB,NA,GPS,-99,PSU,NR,-99,NR,NR,-99,NR,-99,NR,NR,Z,TRUE,Preabandoned due to denial of access by Navy
6080,21-Aug-08,10:58:35 AM,PDT,WS,GRAB,RADON,DGPS,-99,PSU,Clear,5,KTS,W,0,FT,0,XX,Calm,None,FALSE,
6083,21-Aug-08,10:13:13 AM,PDT,WS,GRAB,RADON,DGPS,-99,PSU,Overcast,0,KTS,XX,0,FT,0,XX,Calm,None,FALSE,
6084,19-Aug-08,12:46:32 PM,PDT,WS,GRAB,RADON,DGPS,-99,PSU,Clear,15,KTS,W,1,FT,0,W,Choppy,None,FALSE,
6085,19-Aug-08,9:11:39 AM,PDT,WS,GRAB,RADON,DGPS,-99,PSU,Overcast,10,KTS,W,1,FT,5,W,Choppy,None,FALSE,
6086,18-Aug-08,3:19:59 PM,PDT,WS,GRAB,RADON,DGPS,-99,PSU,Clear,10,KTS,W,1,FT,5,W,Calm,None,FALSE,
6087,19-Aug-08,8:02:53 AM,PDT,WS,GRAB,RADON,DGPS,-99,PSU,Overcast,0,KTS,XX,0,FT,0,XX,Calm,None,FALSE,
6090,19-Aug-08,1:34:04 PM,PDT,WS,GRAB,RADON,DGPS,-99,PSU,Clear,15,KTS,W,1,FT,5,W,Choppy,None,FALSE,
6092,01-Jan-08,11:59:00 AM,PST,WS,GRAB,NA,GPS,-99,PSU,NR,-99,NR,NR,-99,NR,-99,NR,NR,Z,TRUE,Preabandoned due to denial of access by Navy
6093,18-Aug-08,2:59:25 PM,PDT,WS,GRAB,RADON,DGPS,-99,PSU,Clear,10,KTS,W,1,FT,5,W,Choppy,None,FALSE,
6093,19-Aug-08,2:01:12 PM,PDT,WS,GRAB,RADON,DGPS,-99,PSU,Clear,15,KTS,W,1,FT,5,W,Choppy,None,FALSE,
6094,19-Aug-08,7:24:39 AM,PDT,WS,GRAB,RADON,DGPS,-99,PSU,Overcast,0,KTS,XX,0,FT,0,XX,Calm,None,FALSE,
6100,01-Jan-08,11:59:00 AM,PST,WS,GRAB,NA,GPS,-99,PSU,NR,-99,NR,NR,-99,NR,-99,NR,NR,Z,TRUE,Preabandoned due to denial of access by Navy
6102,01-Jan-08,11:59:00 AM,PST,WS,GRAB,NA,GPS,-99,PSU,NR,-99,NR,NR,-99,NR,-99,NR,NR,Z,TRUE,Preabandoned due to denial of access by Navy
6106,18-Aug-08,7:48:19 AM,PDT,WS,GRAB,RADON,DGPS,-99,PSU,Clear,0,KTS,XX,0,FT,0,XX,Calm,None,FALSE,
6107,01-Jan-08,11:59:00 AM,PST,WS,GRAB,NA,GPS,-99,PSU,NR,-99,NR,NR,-99,NR,-99,NR,NR,Z,TRUE,Preabandoned due to denial of access by Navy
6110,18-Aug-08,2:10:41 PM,PDT,WS,GRAB,RADON,DGPS,-99,PSU,Clear,15,KTS,W,1,FT,5,W,Choppy,None,FALSE,
6112,01-Jan-08,11:59:00 AM,PST,WS,GRAB,NA,GPS,-99,PSU,NR,-99,NR,NR,-99,NR,-99,NR,NR,Z,TRUE,Preabandoned due to denial of access by Navy
6113,18-Aug-08,1:47:37 PM,PDT,WS,GRAB,RADON,DGPS,-99,PSU,Clear,10,KTS,W,0,FT,0,XX,Calm,None,FALSE,
6114,01-Jan-08,11:59:00 AM,PST,WS,GRAB,NA,GPS,-99,PSU,NR,-99,NR,NR,-99,NR,-99,NR,NR,Z,TRUE,Preabandoned due to denial of access by Navy
6115,18-Aug-08,1:18:21 PM,PDT,WS,GRAB,RADON,DGPS,-99,PSU,Clear,10,KTS,W,0,FT,0,XX,Calm,None,FALSE,
6116,18-Aug-08,11:58:17 AM,PDT,WS,GRAB,RADON,DGPS,-99,PSU,Clear,10,KTS,W,0,FT,0,XX,Calm,None,FALSE,
6119,18-Aug-08,10:37:53 AM,PDT,WS,GRAB,RADON,DGPS,-99,PSU,Clear,0,KTS,XX,0,FT,0,XX,Calm,None,FALSE,
6120,18-Aug-08,11:06:19 AM,PDT,WS,GRAB,RADON,DGPS,-99,PSU,Clear,10,KTS,W,0,FT,0,XX,Calm,None,FALSE,
6124,01-Jan-08,11:59:00 AM,PST,WS,GRAB,NA,GPS,-99,PSU,NR,-99,NR,NR,-99,NR,-99,NR,NR,Z,TRUE,Preabandoned due to denial of access by Navy
6125,18-Aug-08,9:02:31 AM,PDT,WS,GRAB,RADON,DGPS,-99,PSU,Clear,0,KTS,XX,0,FT,0,XX,Calm,None,FALSE,
6127,18-Aug-08,9:43:23 AM,PDT,WS,GRAB,RADON,DGPS,-99,PSU,Clear,0,KTS,XX,0,FT,0,XX,Calm,None,FALSE,
6128,20-Aug-08,7:30:56 AM,PDT,WS,GRAB,RADON,DGPS,-99,PSU,Overcast,10,KTS,W,0,FT,0,XX,Calm,None,FALSE,
6129,21-Aug-08,9:40:21 AM,PDT,WS,GRAB,RADON,DGPS,-99,PSU,Overcast,0,KTS,XX,0,FT,0,XX,Calm,None,FALSE,
6130,20-Aug-08,8:10:55 AM,PDT,WS,GRAB,RADON,DGPS,-99,PSU,Overcast,15,KTS,XX,0,FT,0,XX,Calm,None,FALSE,
6133,08-Aug-08,9:27:42 AM,PDT,WS,GRAB,RADON,DGPS,-99,PSU,Clear,5,KTS,SW,0,FT,0,XX,Calm,None,FALSE,
6134,08-Aug-08,10:20:16 AM,PDT,WS,GRAB,RADON,DGPS,-99,PSU,Clear,10,KTS,SW,1,FT,5,XX,Choppy,None,FALSE,
6136,08-Aug-08,10:48:18 AM,PDT,WS,GRAB,RADON,DGPS,-99,PSU,Clear,5,KTS,SW,0,FT,0,XX,Calm,None,FALSE,
6138,21-Aug-08,8:38:01 AM,PDT,WS,GRAB,RADON,DGPS,-99,PSU,Overcast,0,KTS,XX,0,FT,0,XX,Calm,None,FALSE,
6140,08-Aug-08,11:39:40 AM,PDT,WS,GRAB,RADON,DGPS,-99,PSU,Clear,5,KTS,SW,0,FT,0,XX,Calm,None,FALSE,
6142,01-Jan-08,11:59:00 AM,PST,WS,GRAB,NA,GPS,-99,PSU,NR,-99,NR,NR,-99,NR,-99,NR,NR,Z,TRUE,Preabandoned due to denial of access by Navy
6145,06-Aug-08,1:55:00 PM,PDT,WS,GRAB,Radon,DGPS,-99,PSU,Clear,5,KTS,NW,0,FT,0,XX,Calm,None,FALSE,
6148,06-Aug-08,1:10:00 PM,PDT,WS,GRAB,Radon,DGPS,-99,PSU,Clear,0,KTS,XX,0,FT,0,XX,Calm,None,FALSE,
6151,06-Aug-08,11:15:00 AM,PDT,WS,GRAB,Radon,DGPS,-99,PSU,Clear,10,KTS,W,0,FT,0,XX,Calm,None,FALSE,
6152,07-Aug-08,2:16:33 PM,PDT,WS,GRAB,RADON,DGPS,-99,PSU,Clear,10,KTS,W,1,FT,5,W,Choppy,None,FALSE,
6153,06-Aug-08,10:40:00 AM,PDT,WS,GRAB,Radon,DGPS,-99,PSU,Clear,0,KTS,XX,0,FT,0,XX,Calm,None,FALSE,
6154,07-Aug-08,12:35:41 PM,PDT,WS,GRAB,RADON,DGPS,-99,PSU,Clear,10,KTS,W,1,FT,5,W,Choppy,None,FALSE,
6155,07-Aug-08,1:27:53 PM,PDT,WS,GRAB,RADON,DGPS,-99,PSU,Clear,10,KTS,W,1,FT,5,W,Choppy,None,FALSE,
6156,08-Aug-08,8:36:20 AM,PDT,WS,GRAB,RADON,DGPS,-99,PSU,Overcast,0,KTS,XX,0,FT,0,XX,Calm,None,FALSE,
6157,06-Aug-08,8:15:00 AM,PDT,WS,GRAB,Radon,DGPS,-99,PSU,Clear,0,KTS,XX,0,FT,0,XX,Calm,None,FALSE,
6159,06-Aug-08,10:00:00 AM,PDT,WS,GRAB,Radon,DGPS,-99,PSU,Clear,0,KTS,XX,0,FT,0,XX,Calm,None,FALSE,
6161,06-Aug-08,9:12:00 AM,PDT,WS,GRAB,Radon,DGPS,-99,PSU,Clear,0,KTS,XX,0,FT,0,XX,Calm,None,FALSE,
6165,06-Aug-08,3:20:00 PM,PDT,WS,GRAB,Radon,DGPS,-99,PSU,Clear,5,KTS,NW,0,FT,0,XX,Calm,None,FALSE,
6168,08-Aug-08,8:10:48 AM,PDT,WS,GRAB,RADON,DGPS,-99,PSU,Overcast,0,KTS,XX,0,FT,0,XX,Calm,None,FALSE,
6171,06-Aug-08,2:50:00 PM,PDT,WS,GRAB,Radon,DGPS,-99,PSU,Clear,5,KTS,NW,0,FT,0,XX,Calm,None,FALSE,
6172,07-Aug-08,11:50:09 AM,PDT,WS,GRAB,RADON,DGPS,-99,PSU,Clear,10,KTS,W,1,FT,5,W,Calm,None,FALSE,
6173,07-Aug-08,10:38:51 AM,PDT,WS,GRAB,RADON,DGPS,-99,PSU,Clear,5,KTS,W,0,FT,0,XX,Calm,None,FALSE,
6174,08-Aug-08,7:27:24 AM,PDT,WS,GRAB,RADON,DGPS,-99,PSU,Overcast,0,KTS,XX,0,FT,0,XX,Calm,None,FALSE,
6177,07-Aug-08,9:22:36 AM,PDT,WS,GRAB,RADON,DGPS,-99,PSU,Clear,5,KTS,W,0,FT,0,XX,Calm,None,FALSE,
6179,07-Aug-08,7:38:49 AM,PDT,WS,GRAB,RADON,DGPS,-99,PSU,Partly Cloudy,5,KTS,W,0,FT,0,XX,Calm,None,FALSE,
6180,07-Aug-08,8:37:50 AM,PDT,WS,GRAB,RADON,DGPS,-99,PSU,Clear,5,KTS,W,0,FT,0,XX,Calm,None,FALSE,
6181,11-Jul-08,11:40:43 AM,PDT,WS,GRAB,Avon,GPS,32.68,PSU,Overcast,8,KTS,W,0,FT,0,XX,Choppy,None,FALSE,
6189,11-Jul-08,6:38:26 AM,PDT,WS,GRAB,Avon,GPS,33.48,PSU,Overcast,5,KTS,E,0,FT,-99,XX,Calm,None,FALSE,
6192,11-Jul-08,12:42:20 PM,PDT,WS,GRAB,Avon,GPS,29.32,PSU,Overcast,8,KTS,W,0,FT,-99,XX,Calm,None,FALSE,
6197,11-Jul-08,2:06:38 PM,PDT,WS,GRAB,Avon,GPS,22.58,PSU,Overcast,10,KTS,W,0,FT,-99,XX,Calm,None,FALSE,
6200,11-Jul-08,2:15:38 PM,PDT,WS,GRAB,Avon,GPS,22.33,PSU,Clear,6,KTS,W,0,FT,-99,XX,Calm,None,FALSE,
6203,11-Jul-08,2:47:24 PM,PDT,WS,GRAB,Avon,GPS,7.75,PSU,Overcast,5,KTS,W,0,FT,-99,XX,Calm,Other,TRUE,salinity less than 19 ppt
6204,05-Aug-08,8:27:13 AM,PDT,WS,GRAB,RADON,DGPS,-99,PSU,Overcast,0,KTS,XX,0,FT,0,XX,Calm,None,FALSE,
6211,05-Aug-08,3:08:47 PM,PDT,WS,GRAB,RADON,DGPS,-99,PSU,Clear,10,KTS,NW,0,FT,0,XX,Calm,None,FALSE,
6212,05-Aug-08,9:20:11 AM,PDT,WS,GRAB,RADON,DGPS,-99,PSU,Overcast,0,KTS,XX,0,FT,0,XX,Calm,None,FALSE,
6213,05-Aug-08,7:50:00 AM,PDT,WS,GRAB,RADON,DGPS,-99,PSU,Overcast,0,KTS,XX,0,FT,0,XX,Calm,None,FALSE,
6216,05-Aug-08,10:34:49 AM,PDT,WS,GRAB,RADON,DGPS,-99,PSU,Clear,5,KTS,NW,0,FT,0,XX,Calm,None,FALSE,
6217,05-Aug-08,1:27:43 PM,PDT,WS,GRAB,RADON,DGPS,-99,PSU,Clear,10,KTS,NW,1,FT,0,XX,Calm,None,FALSE,
6219,05-Aug-08,11:32:45 AM,PDT,WS,GRAB,RADON,DGPS,-99,PSU,Clear,5,KTS,NW,0,FT,0,XX,Calm,None,FALSE,
6223,05-Aug-08,2:11:53 PM,PDT,WS,GRAB,RADON,DGPS,-99,PSU,Clear,10,KTS,NW,0,FT,0,XX,Calm,None,FALSE,
6228,17-Jul-08,10:01:51 AM,PDT,WS,GRAB,Avon,GPS,26.19,PSU,Overcast,8,KTS,W,0,FT,-99,XX,Calm,None,FALSE,
6229,17-Jul-08,11:21:22 AM,PDT,WS,GRAB,Avon,GPS,31.58,PSU,Overcast,7,KTS,W,0,FT,-99,XX,Calm,None,FALSE,
6230,17-Jul-08,5:55:04 PM,PDT,WS,GRAB,Avon,GPS,31.9,PSU,Overcast,5,KTS,W,0,FT,-99,XX,Calm,None,FALSE,
6232,17-Jul-08,1:45:37 PM,PDT,WS,GRAB,Avon,GPS,32.76,PSU,Overcast,8,KTS,W,0,FT,-99,XX,Calm,None,FALSE,
6236,17-Jul-08,2:40:37 PM,PDT,WS,GRAB,Avon,GPS,32.02,PSU,Overcast,7,KTS,W,0,FT,-99,XX,Calm,None,FALSE,
6239,15-Jul-08,2:04:23 PM,PDT,WS,GRAB,Avon,GPS,19.53,PSU,Clear,5,KTS,W,0,FT,-99,XX,Calm,None,FALSE,
6242,22-Jul-08,2:32:20 PM,PDT,WS,GRAB,Avon,GPS,33.48,PSU,Clear,5,KTS,SW,0,FT,-99,XX,Calm,None,FALSE,
6243,15-Jul-08,1:55:18 PM,PDT,WS,GRAB,Avon,GPS,30.59,PSU,Clear,5,KTS,W,0,FT,-99,XX,Calm,None,FALSE,
6244,15-Jul-08,9:30:10 AM,PDT,WS,GRAB,Avon,GPS,33.1,PSU,Clear,5,KTS,W,0,FT,-99,XX,Calm,None,FALSE,
6245,15-Jul-08,1:36:20 PM,PDT,WS,GRAB,Avon,GPS,33.11,PSU,Clear,5,KTS,W,0,FT,-99,XX,Calm,None,FALSE,
6250,29-Jul-08,10:10:12 AM,PDT,WS,GRAB,Avon,GPS,34.18,PSU,Overcast,10,KTS,XX,0,FT,-99,XX,Calm,None,FALSE,
6251,29-Jul-08,10:23:52 AM,PDT,WS,GRAB,Avon,GPS,34.33,PSU,Overcast,8,KTS,N,0,FT,-99,XX,Calm,None,FALSE,
6252,29-Jul-08,10:04:56 AM,PDT,WS,GRAB,Avon,GPS,27.36,PSU,Overcast,10,KTS,XX,0,FT,-99,XX,Calm,None,FALSE,
6253,29-Jul-08,10:27:00 AM,PDT,WS,GRAB,Avon,GPS,34.46,PSU,Overcast,10,KTS,N,0,FT,-99,XX,Calm,None,FALSE,
6264,29-Jul-08,2:05:31 PM,PDT,WS,GRAB,Avon,GPS,33.98,PSU,Overcast,10,KTS,XX,0,FT,-99,XX,Calm,None,FALSE,
6269,08-Jul-08,3:02:44 PM,PDT,WS,GRAB,Avon,GPS,34.24,PSU,Overcast,5,KTS,W,0.2,FT,1,W,Calm,None,FALSE,
6270,08-Jul-08,10:16:37 AM,PDT,WS,GRAB,Avon,GPS,32.28,PSU,Clear,7,KTS,W,0.3,FT,1,W,Calm,None,FALSE,
6271,08-Jul-08,11:53:51 AM,PDT,WS,GRAB,Avon,GPS,32.77,PSU,Overcast,3,KTS,SW,0.25,FT,1,W,Calm,None,FALSE,
6280,08-Jul-08,12:53:47 PM,PDT,WS,GRAB,Avon,GPS,24.08,PSU,Overcast,2,KTS,SW,0.1,FT,1,W,Calm,None,FALSE,
6282,08-Jul-08,10:23:49 AM,PDT,WS,GRAB,Avon,GPS,34.15,PSU,Overcast,3,KTS,S,1,FT,1,W,Calm,None,FALSE,
6288,04-Aug-08,3:00:00 PM,PDT,WS,GRAB,Radon,DGPS,-99,PSU,Overcast,5,KTS,NW,0,FT,0,XX,Calm,None,FALSE,
6291,04-Aug-08,2:30:00 PM,PDT,WS,GRAB,Radon,DGPS,-99,PSU,Overcast,5,KTS,NW,0,FT,0,XX,Calm,None,FALSE,
6294,04-Aug-08,1:55:00 PM,PDT,WS,GRAB,Radon,DGPS,-99,PSU,Overcast,5,KTS,NW,1,FT,0,XX,Calm,None,FALSE,
6303,29-Aug-08,10:50:00 AM,PDT,WS,GRAB,Avon,GPS,34.48,PSU,Overcast,5,KTS,W,0,FT,0,XX,CALM,NONE,FALSE,
6308,29-Aug-08,11:40:00 AM,PDT,WS,GRAB,Avon,GPS,34.5,PSU,Overcast,3,KTS,W,0,FT,0,XX,CALM,NONE,FALSE,
6311,29-Aug-08,12:45:00 PM,PDT,WS,GRAB,Avon,GPS,34.14,PSU,Overcast,3,KTS,W,0,FT,0,XX,CALM,NONE,FALSE,
6314,29-Aug-08,1:35:00 PM,PDT,WS,GRAB,Avon,GPS,33.69,PSU,Overcast,3,KTS,W,0,FT,0,XX,CALM,NONE,FALSE,
6317,29-Aug-08,9:30:00 AM,PDT,WS,GRAB,Avon,GPS,33.71,PSU,Overcast,5,KTS,W,0,FT,0,XX,CALM,NONE,FALSE,
6320,04-Aug-08,7:30:00 AM,PDT,WS,GRAB,Radon,DGPS,-99,PSU,Partly Cloudy,0,KTS,XX,0,FT,0,XX,Calm,None,FALSE,
6325,04-Aug-08,10:25:00 AM,PDT,WS,GRAB,Radon,DGPS,-99,PSU,Clear,5,KTS,SW,0,FT,0,XX,Calm,None,FALSE,
6327,04-Aug-08,9:40:00 AM,PDT,WS,GRAB,Radon,DGPS,-99,PSU,Clear,1,KTS,SW,0,FT,0,XX,Calm,None,FALSE,
6328,04-Aug-08,8:50:00 AM,PDT,WS,GRAB,Radon,DGPS,-99,PSU,Clear,0,KTS,XX,0,FT,0,XX,Calm,None,FALSE,
6331,11-Sep-08,9:14:00 AM,PDT,OCSD,GRAB,Nerissa,DGPS,-99,PSU,Overcast,4,KTS,SW,0,FT,-99,XX,Calm,None,FALSE,
6335,11-Sep-08,7:32:48 AM,PDT,OCSD,GRAB,Nerissa,DGPS,-99,PSU,Overcast,1,KTS,W,0,FT,-99,XX,Calm,None,FALSE,
6335,14-Jul-08,10:56:38 AM,PDT,OCSD,GRAB,Nerissa,DGPS,-99,PSU,Clear,7,KTS,W,0,FT,-99,XX,Calm,None,FALSE,
6343,14-Jul-08,2:40:14 PM,PDT,OCSD,GRAB,Nerissa,DGPS,-99,PSU,Clear,11,KTS,W,0,FT,-99,XX,Calm,None,FALSE,
6343,11-Sep-08,8:52:11 AM,PDT,OCSD,GRAB,Nerissa,DGPS,-99,PSU,Overcast,4,KTS,SW,0,FT,-99,XX,Calm,None,FALSE,
6344,11-Sep-08,7:53:20 AM,PDT,OCSD,GRAB,Nerissa,DGPS,-99,PSU,Overcast,2,KTS,W,0,FT,-99,XX,Calm,None,FALSE,
6344,14-Jul-08,1:52:52 PM,PDT,OCSD,GRAB,Nerissa,DGPS,-99,PSU,Clear,10,KTS,SW,0,FT,-99,XX,Calm,None,FALSE,
6350,14-Jul-08,12:53:04 PM,PDT,OCSD,GRAB,Nerissa,DGPS,-99,PSU,Clear,9,KTS,W,0,FT,-99,XX,Calm,None,FALSE,
6350,11-Sep-08,8:15:24 AM,PDT,OCSD,GRAB,Nerissa,DGPS,-99,PSU,Overcast,4,KTS,SW,0,FT,-99,XX,Calm,None,FALSE,
6350,17-Sep-08,1:18:46 PM,PDT,OCSD,GRAB,Nerissa,DGPS,-99,PSU,Clear,6,KTS,W,0,FT,-99,XX,Calm,None,FALSE,
6354,08-Aug-08,8:30:00 AM,PDT,MBC,GRAB,Kathryn M,DGPS,34,PSU,Clear,2,KTS,W,0,FT,0,XX,Calm,None,FALSE,
6355,12-Aug-08,9:00:00 AM,PDT,MBC,GRAB,PonTiki,DGPS,33,PSU,Overcast,3,KTS,W,0,FT,0,XX,Calm,None,FALSE,
6362,08-Aug-08,9:30:00 AM,PDT,MBC,GRAB,Kathryn M,DGPS,32,PSU,Clear,4,KTS,W,0,FT,0,XX,Calm,None,FALSE,
6363,08-Aug-08,11:00:00 AM,PDT,MBC,GRAB,Kathryn M,DGPS,33,PSU,Clear,5,KTS,W,0,FT,0,XX,Calm,None,FALSE,
6372,08-Aug-08,1:50:00 PM,PDT,MBC,GRAB,Kathryn M,DGPS,35,PSU,Clear,10,KTS,W,0,FT,0,XX,Choppy,None,FALSE,
6375,26-Sep-08,12:30:00 PM,PDT,MBC,GRAB,PonTiki,DGPS,32,PSU,Fog,5,KTS,NW,0,FT,0,XX,Calm,None,FALSE,
6382,26-Sep-08,8:45:00 AM,PDT,MBC,GRAB,PonTiki,DGPS,32,PSU,Clear,5,KTS,W,0,FT,0,XX,Calm,None,FALSE,
6383,22-Sep-08,8:07:00 AM,PDT,LACSD,GRAB,Ocean Sentinel,DGPS,-99,PSU,Overcast,0,KTS,XX,1,FT,0,XX,Calm,None,FALSE,Harbor Station
6383,23-Jul-08,10:00:00 AM,PDT,CLAEMD,GRAB,Marine Surveyor,DGPS,,,Clear,4,KTS,SE,0,FT,0,XX,Calm,None,FALSE,
6384,23-Jul-08,10:38:00 AM,PDT,CLAEMD,GRAB,Marine Surveyor,DGPS,,,Clear,6,KTS,S,0,FT,0,XX,Calm,None,FALSE,
6384,22-Sep-08,9:09:00 AM,PDT,LACSD,GRAB,Ocean Sentinel,DGPS,-99,PSU,Overcast,5,KTS,E,0,FT,0,XX,Calm,None,FALSE,
6386,22-Sep-08,8:40:00 AM,PDT,LACSD,GRAB,Ocean Sentinel,DGPS,-99,PSU,Overcast,4,KTS,E,1,FT,0,XX,Calm,None,FALSE,Harbor Station
6386,22-Jul-08,9:09:00 AM,PDT,CLAEMD,GRAB,Marine Surveyor,DGPS,,,Overcast,6,KTS,SW,0,FT,0,XX,Calm,None,FALSE,
6387,22-Jul-08,8:14:00 AM,PDT,CLAEMD,GRAB,Marine Surveyor,DGPS,,,Clear,4,KTS,SW,0,FT,0,XX,Calm,None,FALSE,
6387,22-Sep-08,9:22:00 AM,PDT,LACSD,GRAB,Ocean Sentinel,DGPS,-99,PSU,Overcast,4,KTS,E,0,FT,0,XX,Calm,None,FALSE,
6392,23-Jul-08,11:59:00 PM,PDT,CLAEMD,GRAB,Marine Surveyor,DGPS,,,NR,-99,KTS,NR,-99,FT,-99,NR,NR,Z,TRUE,Grab inaccessible due to docks and boats in the marina.
6402,22-Jul-08,10:14:00 AM,PDT,CLAEMD,GRAB,Marine Surveyor,DGPS,,,Overcast,5,KTS,SW,0,FT,0,XX,Calm,None,FALSE,
6402,22-Sep-08,11:35:00 AM,PDT,LACSD,GRAB,Ocean Sentinel,DGPS,-99,PSU,Clear,3,KTS,SE,0,FT,0,XX,Calm,None,FALSE,
6404,22-Sep-08,9:42:00 AM,PDT,LACSD,GRAB,Ocean Sentinel,DGPS,-99,PSU,Overcast,4,KTS,E,0,FT,0,XX,Calm,None,FALSE,
6404,24-Jul-08,8:29:00 AM,PDT,CLAEMD,GRAB,Marine Surveyor,DGPS,,,Overcast,4,KTS,SW,0,FT,0,XX,Calm,None,FALSE,
6405,11-Sep-08,11:53:00 AM,PDT,CLAEMD,GRAB,Marine Surveyor,DGPS,,,Overcast,8,KTS,SW,0,FT,0,XX,Calm,None,FALSE,resample for Nautilus
6405,17-Jul-08,9:48:00 AM,PDT,CLAEMD,GRAB,Marine Surveyor,DGPS,,,Partly Cloudy,5,KTS,S,0,FT,0,XX,Calm,None,FALSE,
6406,14-Jul-08,12:48:00 PM,PDT,MBC,GRAB,Kathryn M,DGPS,35,PSU,Clear,8,KTS,W,0,FT,0,XX,Calm,None,FALSE,
6407,11-Sep-08,10:24:00 AM,PDT,CLAEMD,GRAB,Marine Surveyor,DGPS,,,Overcast,7,KTS,SW,0,FT,0,XX,Calm,None,FALSE,
6411,11-Sep-08,9:23:00 AM,PDT,CLAEMD,GRAB,Marine Surveyor,DGPS,,,Overcast,3,KTS,SW,0,FT,0,XX,Calm,None,FALSE,
6413,11-Sep-08,12:03:00 PM,PDT,CLAEMD,GRAB,Marine Surveyor,DGPS,,,Overcast,10,KTS,SW,0,FT,0,XX,Calm,None,FALSE,resample for Nautilus
6413,17-Jul-08,10:48:00 AM,PDT,CLAEMD,GRAB,Marine Surveyor,DGPS,,,Partly Cloudy,5,KTS,S,0,FT,0,XX,Calm,None,FALSE,
6416,22-Sep-08,9:57:00 AM,PDT,LACSD,GRAB,Ocean Sentinel,DGPS,-99,PSU,Overcast,4,KTS,E,0,FT,0,XX,Calm,None,FALSE,
6416,24-Jul-08,9:26:00 AM,PDT,CLAEMD,GRAB,Marine Surveyor,DGPS,,,Partly Cloudy,4,KTS,S,0,FT,0,XX,Calm,None,FALSE,
6419,31-Jul-08,8:16:00 AM,PDT,CLAEMD,GRAB,Marine Surveyor,DGPS,,,Overcast,7,KTS,SE,0,FT,0,XX,Calm,None,FALSE,
6424,22-Jul-08,11:23:00 AM,PDT,CLAEMD,GRAB,Marine Surveyor,DGPS,,,Clear,4,KTS,SW,0,FT,0,XX,Calm,None,FALSE,
6424,22-Sep-08,10:50:00 AM,PDT,LACSD,GRAB,Ocean Sentinel,DGPS,-99,PSU,Haze,3,KTS,E,0,FT,0,XX,Calm,None,FALSE,
6428,22-Sep-08,10:26:00 AM,PDT,LACSD,GRAB,Ocean Sentinel,DGPS,-99,PSU,Overcast,4,KTS,E,0,FT,0,XX,Calm,None,FALSE,
6428,24-Jul-08,10:10:00 AM,PDT,CLAEMD,GRAB,Marine Surveyor,DGPS,,,Haze,5,KTS,SW,0,FT,0,XX,Calm,None,FALSE,
6432,09-Sep-08,8:30:00 AM,PDT,CLAEMD,GRAB,Marine Surveyor,DGPS,,,Overcast,8,KTS,E,0,FT,0,XX,Calm,None,FALSE,
6436,11-Sep-08,8:31:00 AM,PDT,CLAEMD,GRAB,Marine Surveyor,DGPS,,,Overcast,5,KTS,SW,1,FT,12,S,Calm,None,FALSE,
6437,09-Sep-08,9:19:00 AM,PDT,CLAEMD,GRAB,Marine Surveyor,DGPS,,,Overcast,10,KTS,E,0,FT,0,XX,Calm,None,FALSE,
6438,25-Sep-08,11:25:00 AM,PDT,MBC,GRAB,PonTiki,DGPS,33,PSU,Clear,7,KTS,SW,0,FT,0,XX,Calm,None,FALSE,
6442,23-Jul-08,9:20:27 AM,PDT,LACSD,GRAB,Ocean Sentinel,DGPS,32.17,PSU,Overcast,4,KTS,S,1,FT,8,S,Calm,None,FALSE,
6443,31-Jul-08,9:05:00 AM,PDT,CLAEMD,GRAB,Marine Surveyor,DGPS,,,Overcast,4,KTS,SE,0,FT,0,XX,Calm,None,FALSE,
6444,09-Sep-08,12:18:00 PM,PDT,CLAEMD,GRAB,Marine Surveyor,DGPS,,,Clear,6,KTS,SE,0,FT,0,XX,Calm,None,FALSE,
6446,31-Jul-08,9:56:00 AM,PDT,CLAEMD,GRAB,Marine Surveyor,DGPS,,,Overcast,4,KTS,S,0,FT,0,XX,Calm,None,FALSE,
6447,09-Sep-08,10:14:00 AM,PDT,CLAEMD,GRAB,Marine Surveyor,DGPS,,,Partly Cloudy,4,KTS,E,0,FT,0,XX,Calm,None,FALSE,
6448,09-Sep-08,11:08:00 AM,PDT,CLAEMD,GRAB,Marine Surveyor,DGPS,,,Partly Cloudy,5,KTS,E,0,FT,0,XX,Calm,None,FALSE,
6449,29-Jul-08,8:33:00 AM,PDT,CLAEMD,GRAB,Marine Surveyor,DGPS,,,Clear,2,KTS,SW,0,FT,0,XX,Calm,None,FALSE,
6450,24-Jul-08,11:01:00 AM,PDT,CLAEMD,GRAB,Marine Surveyor,DGPS,,,Haze,12,KTS,S,0,FT,0,XX,Calm,None,FALSE,
6450,22-Sep-08,10:11:00 AM,PDT,LACSD,GRAB,Ocean Sentinel,DGPS,-99,PSU,Overcast,3,KTS,E,0,FT,0,XX,Calm,None,FALSE,
6451,25-Sep-08,8:45:00 AM,PDT,MBC,GRAB,PonTiki,DGPS,34,PSU,Clear,5,KTS,SW,0,FT,0,XX,Calm,None,FALSE,
6460,29-Jul-08,9:19:00 AM,PDT,CLAEMD,GRAB,Marine Surveyor,DGPS,,,Clear,2,KTS,SE,0,FT,0,XX,Calm,None,FALSE,
6462,10-Sep-08,11:11:00 AM,PDT,CLAEMD,GRAB,Marine Surveyor,DGPS,,,Clear,8,KTS,SW,0,FT,0,XX,Calm,None,FALSE,
6466,29-Jul-08,11:16:00 AM,PDT,CLAEMD,GRAB,Marine Surveyor,DGPS,,,Clear,10,KTS,SW,0,FT,0,XX,Calm,None,FALSE,
6467,29-Jul-08,10:12:00 AM,PDT,CLAEMD,GRAB,Marine Surveyor,DGPS,,,Clear,7,KTS,SW,0,FT,0,XX,Calm,None,FALSE,
6468,14-Jul-08,4:30:00 PM,PDT,MBC,GRAB,Kathryn M,DGPS,35,PSU,Clear,10,KTS,W,0,FT,0,XX,Calm,None,FALSE,
6472,23-Jul-08,10:35:32 AM,PDT,LACSD,GRAB,Ocean Sentinel,DGPS,-99,PSU,Haze,5,KTS,S,1,FT,8,S,Calm,None,FALSE,
6478,10-Sep-08,10:33:00 AM,PDT,CLAEMD,GRAB,Marine Surveyor,DGPS,,,Clear,6,KTS,SW,0,FT,0,XX,Calm,None,FALSE,
6479,23-Jul-08,11:04:31 AM,PDT,LACSD,GRAB,Ocean Sentinel,DGPS,-99,PSU,Clear,5,KTS,SW,1,FT,8,S,Calm,None,FALSE,
6482,30-Jul-08,11:47:00 AM,PDT,CLAEMD,GRAB,Marine Surveyor,DGPS,,,Partly Cloudy,8,KTS,SE,0,FT,0,XX,Calm,None,FALSE,
6485,14-Jul-08,8:50:00 AM,PDT,MBC,GRAB,Kathryn M,DGPS,35,PSU,Partly Cloudy,3,KTS,NE,0,FT,0,XX,Calm,None,FALSE,
6487,30-Jul-08,9:49:00 AM,PDT,CLAEMD,GRAB,Marine Surveyor,DGPS,,,Overcast,5,KTS,SE,0,FT,0,XX,Calm,None,FALSE,
6489,30-Jul-08,10:54:00 AM,PDT,CLAEMD,GRAB,Marine Surveyor,DGPS,,,Partly Cloudy,5,KTS,SE,0,FT,0,XX,Calm,None,FALSE,
6493,31-Jul-08,11:10:00 AM,PDT,CLAEMD,GRAB,Marine Surveyor,DGPS,,,Overcast,5,KTS,S,0,FT,0,XX,Calm,None,FALSE,
6500,14-Jul-08,6:05:00 PM,PDT,MBC,GRAB,Kathryn M,DGPS,32,PSU,Clear,8,KTS,W,0,FT,0,XX,Calm,None,FALSE,
6508,29-Sep-08,8:34:48 AM,PDT,ABC,GRAB,Hey Jude,DGPS,-99,PSU,Fog,2,KTS,W,0,FT,0,XX,Calm,None,FALSE,
6513,29-Sep-08,9:46:26 AM,PDT,ABC,GRAB,Hey Jude,DGPS,-99,PSU,Partly Cloudy,5,KTS,W,0,FT,0,XX,Calm,None,FALSE,
6518,29-Sep-08,11:14:00 AM,PDT,ABC,GRAB,Hey Jude,DGPS,-99,PSU,Partly Cloudy,8,KTS,S,0,FT,0,XX,Calm,None,FALSE,
6520,11-Sep-08,8:25:00 AM,PDT,ABC,GRAB,AVON,GPS,30,PSU,Overcast,2,KTS,NW,1,FT,10,W,Calm,None,FALSE,
6527,29-Sep-08,12:10:00 PM,PDT,ABC,GRAB,Hey Jude,DGPS,-99,PSU,Partly Cloudy,8,KTS,S,0,FT,0,XX,Calm,None,FALSE,
6530,29-Sep-08,12:47:48 PM,PDT,ABC,GRAB,Hey Jude,DGPS,-99,PSU,Partly Cloudy,9,KTS,S,0,FT,0,XX,Calm,None,FALSE,
6533,10-Sep-08,1:00:00 PM,PDT,MBC,GRAB,PonTiki,DGPS,13,PSU,Partly Cloudy,5,KTS,W,0,FT,0,XX,Calm,Other,TRUE,Salinity Too Low: 11-13 ppt
6539,19-Aug-08,11:30:00 AM,PDT,MBC,GRAB,PonTiki,DGPS,34,PSU,Clear,5,KTS,W,0,FT,0,XX,Calm,None,FALSE,
6543,21-Aug-08,8:00:00 AM,PDT,MBC,GRAB,PonTiki,DGPS,20,PSU,Clear,4,KTS,W,0,FT,0,XX,Calm,None,FALSE,
6546,04-Sep-08,8:34:09 AM,PDT,ABC,GRAB,Hey Jude,DGPS,-99,PSU,Overcast,1,KTS,W,0,FT,0,XX,Calm,None,FALSE,
6549,03-Sep-08,12:15:59 PM,PDT,ABC,GRAB,Hey Jude,DGPS,-99,PSU,Overcast,4,KTS,W,0,FT,0,XX,Calm,None,FALSE,
6553,03-Sep-08,9:40:14 AM,PDT,ABC,GRAB,Hey Jude,DGPS,-99,PSU,Overcast,2,KTS,W,0,FT,0,XX,Calm,None,FALSE,
6560,03-Sep-08,2:41:51 PM,PDT,ABC,GRAB,Hey Jude,DGPS,-99,PSU,Partly Cloudy,10,KTS,SW,0,FT,0,XX,Calm,None,FALSE,
6562,10-Sep-08,9:22:00 AM,PDT,MBC,GRAB,PonTiki,DGPS,31,PSU,Partly Cloudy,5,KTS,W,0,FT,0,XX,Calm,None,FALSE,
6570,19-Aug-08,11:53:50 AM,PDT,WS,GRAB,RADON,DGPS,-99,PSU,Clear,15,KTS,W,1,FT,5,XX,Choppy,None,FALSE,
6572,18-Aug-08,3:59:47 PM,PDT,WS,GRAB,RADON,DGPS,-99,PSU,Clear,10,KTS,W,1,FT,5,W,Choppy,None,FALSE,
6649,17-Sep-08,8:06:00 AM,PDT,CLAEMD,GRAB,La Mer,DGPS,,,Overcast,2,KTS,SW,0,FT,0,XX,Calm,None,FALSE,
6659,22-Aug-08,7:02:03 AM,PDT,WS,GRAB,RADON,DGPS,-99,PSU,Overcast,5,KTS,W,0,FT,0,XX,Calm,None,FALSE,
6660,21-Aug-08,1:15:37 PM,PDT,WS,GRAB,RADON,DGPS,-99,PSU,Clear,10,KTS,W,1,FT,5,W,Choppy,None,FALSE,
6661,21-Aug-08,12:48:05 PM,PDT,WS,GRAB,RADON,DGPS,-99,PSU,Clear,10,KTS,W,1,FT,5,W,Choppy,None,FALSE,
7000,08-Aug-08,8:00:00 AM,PDT,CSD,GRAB,Oceanus,DGPS,,,Overcast,2,KTS,N,3,FT,9,W,Calm,None,FALSE,
7002,03-Jul-08,9:55:00 AM,PDT,CSD,GRAB,Oceanus,DGPS,,,Fog,12,KTS,E,2,FT,9,W,Calm,None,FALSE,
7005,03-Jul-08,9:42:00 AM,PDT,CSD,GRAB,Oceanus,DGPS,,,Fog,9,KTS,W,2,FT,9,W,Calm,M,TRUE,Kelp Bed; no grab attempted at the site
7008,08-Jul-08,10:33:00 AM,PDT,CSD,GRAB,Oceanus,DGPS,,,Overcast,8,KTS,SE,1,FT,9,W,Calm,None,FALSE,
7009,08-Jul-08,8:00:00 AM,PDT,CSD,GRAB,Oceanus,DGPS,,,Overcast,0,KTS,XX,1,FT,9,W,Calm,None,FALSE,
7019,08-Jul-08,9:47:00 AM,PDT,CSD,GRAB,Oceanus,DGPS,,,Overcast,3,KTS,SW,1,FT,9,W,Calm,None,FALSE,
7021,03-Jul-08,8:46:00 AM,PDT,CSD,GRAB,Oceanus,DGPS,,,Fog,3,KTS,NW,2,FT,9,W,Calm,None,FALSE,
7022,21-Jul-08,9:21:00 AM,PDT,CSD,GRAB,Oceanus,DGPS,,,Overcast,6,KTS,NE,3,FT,9,SW,Calm,None,FALSE,
7024,03-Jul-08,8:26:00 AM,PDT,CSD,GRAB,Oceanus,DGPS,,,Fog,4,KTS,S,2,FT,9,W,Calm,None,FALSE,
7029,21-Jul-08,7:52:00 AM,PDT,CSD,GRAB,Oceanus,DGPS,,,Overcast,4,KTS,SW,3,FT,9,SW,Calm,None,FALSE,
7032,08-Jul-08,12:26:00 PM,PDT,CSD,GRAB,Oceanus,DGPS,,,Overcast,5,KTS,SE,1,FT,9,W,Calm,None,FALSE,
7044,03-Jul-08,7:29:00 AM,PDT,CSD,GRAB,Oceanus,DGPS,,,Fog,4,KTS,NE,2,FT,9,W,Calm,None,FALSE,
7045,18-Jul-08,12:37:00 PM,PDT,CSD,GRAB,Oceanus,DGPS,,,Overcast,7,KTS,NE,3,FT,9,W,Calm,None,FALSE,
7047,18-Jul-08,8:12:00 AM,PDT,CSD,GRAB,Oceanus,DGPS,,,Clear,3,KTS,S,3,FT,9,W,Calm,S,TRUE,Grabs failure due to gravel; 4 grabs attempted
7048,18-Jul-08,10:19:00 AM,PDT,CSD,GRAB,Oceanus,DGPS,,,Overcast,2,KTS,NW,3,FT,9,W,Calm,None,FALSE,Chemistry sampled but no infauna sample.
7056,18-Jul-08,12:09:00 PM,PDT,CSD,GRAB,Oceanus,DGPS,,,Overcast,6,KTS,NE,3,FT,9,W,Calm,None,FALSE,
7064,18-Jul-08,11:40:00 AM,PDT,CSD,GRAB,Oceanus,DGPS,,,Overcast,3,KTS,SW,3,FT,9,W,Calm,None,FALSE,
7068,09-Jul-08,10:42:00 AM,PDT,CSD,GRAB,Oceanus,DGPS,,,Overcast,4,KTS,SE,2,FT,9,W,Calm,None,FALSE,
7069,17-Jul-08,1:25:00 PM,PDT,CSD,GRAB,Oceanus,DGPS,,,Overcast,6,KTS,E,2,FT,9,W,Calm,None,FALSE,
7070,17-Jul-08,11:17:00 AM,PDT,CSD,GRAB,Oceanus,DGPS,,,Overcast,0,KTS,XX,2,FT,9,W,Calm,None,FALSE,
7079,17-Jul-08,12:13:00 PM,PDT,CSD,GRAB,Oceanus,DGPS,,,Overcast,0,KTS,XX,2,FT,9,W,Calm,None,FALSE,
7080,17-Jul-08,12:41:00 PM,PDT,CSD,GRAB,Oceanus,DGPS,,,Overcast,6,KTS,SE,2,FT,9,W,Calm,None,FALSE,
7081,09-Jul-08,12:21:00 PM,PDT,CSD,GRAB,Oceanus,DGPS,,,Overcast,7,KTS,E,2,FT,9,W,Calm,None,FALSE,
7082,16-Jul-08,1:08:00 PM,PDT,CSD,GRAB,Oceanus,DGPS,,,Clear,6,KTS,SW,4,FT,7,NW,Calm,None,FALSE,One grab was good; the other was not. Too late in the day for more.
7082,17-Jul-08,9:01:00 AM,PDT,CSD,GRAB,Oceanus,DGPS,,,Overcast,2,KTS,W,2,FT,9,W,Calm,None,FALSE,
7091,10-Jul-08,10:14:00 AM,PDT,CSD,GRAB,Oceanus,DGPS,,,Clear,13,KTS,N,2,FT,9,W,Calm,None,FALSE,
7092,16-Jul-08,11:53:00 AM,PDT,CSD,GRAB,Oceanus,DGPS,,,Partly Cloudy,7,KTS,S,4,FT,7,NW,Calm,None,FALSE,
7093,10-Jul-08,11:06:00 AM,PDT,CSD,GRAB,Oceanus,DGPS,,,Clear,6,KTS,W,2,FT,9,W,Calm,None,FALSE,
7094,16-Jul-08,8:26:00 AM,PDT,CSD,GRAB,Oceanus,DGPS,,,Partly Cloudy,4,KTS,NW,3,FT,7,NW,Calm,None,FALSE,
7096,10-Jul-08,12:32:00 PM,PDT,CSD,GRAB,Oceanus,DGPS,,,Partly Cloudy,7,KTS,E,2,FT,9,W,Calm,None,FALSE,
7097,16-Jul-08,10:51:00 AM,PDT,CSD,GRAB,Oceanus,DGPS,,,Partly Cloudy,5,KTS,NE,4,FT,7,NW,Calm,None,FALSE,
7098,10-Jul-08,11:58:00 AM,PDT,CSD,GRAB,Oceanus,DGPS,,,Partly Cloudy,8,KTS,SW,2,FT,9,W,Calm,None,FALSE,
7099,15-Jul-08,1:08:00 PM,PDT,CSD,GRAB,Oceanus,DGPS,,,Clear,10,KTS,N,2,FT,9,W,Calm,None,FALSE,
7100,16-Jul-08,9:24:00 AM,PDT,CSD,GRAB,Oceanus,DGPS,,,Partly Cloudy,4,KTS,W,4,FT,7,NW,Calm,None,FALSE,
7102,15-Jul-08,8:39:00 AM,PDT,CSD,GRAB,Oceanus,DGPS,,,Partly Cloudy,3,KTS,S,2,FT,9,W,Calm,None,FALSE,
7104,15-Jul-08,11:16:00 AM,PDT,CSD,GRAB,Oceanus,DGPS,,,Partly Cloudy,7,KTS,NW,2,FT,9,W,Calm,None,FALSE,
7109,14-Jul-08,12:29:00 PM,PDT,CSD,GRAB,Oceanus,DGPS,,,Partly Cloudy,8,KTS,N,1,FT,9,W,Calm,None,FALSE,
7111,15-Jul-08,10:17:00 AM,PDT,CSD,GRAB,Oceanus,DGPS,,,Partly Cloudy,6,KTS,SE,2,FT,9,W,Calm,None,FALSE,
7121,14-Jul-08,11:21:00 AM,PDT,CSD,GRAB,Oceanus,DGPS,,,Overcast,9,KTS,SW,1,FT,9,W,Calm,None,FALSE,
7122,02-Sep-08,8:00:00 AM,PDT,MBC,GRAB,Kathryn M,DGPS,-99,PSU,Clear,5,KTS,W,2,FT,15,W,Calm,None,FALSE,
7123,13-Aug-08,6:59:53 AM,PDT,WS,GRAB,Early Bird II,GPS,-99,PSU,Overcast,5,KTS,W,5,FT,12,SW,Choppy,None,FALSE,
7126,14-Jul-08,9:42:00 AM,PDT,CSD,GRAB,Oceanus,DGPS,,,Overcast,6,KTS,NE,1,FT,9,W,Calm,None,FALSE,
7128,02-Sep-08,8:57:00 AM,PDT,MBC,GRAB,Kathryn M,DGPS,-99,PSU,Clear,5,KTS,W,2,FT,15,W,Calm,None,FALSE,
7145,13-Aug-08,9:52:17 AM,PDT,WS,GRAB,Early Bird II,GPS,-99,PSU,Overcast,3,KTS,W,4,FT,12,SW,Calm,None,FALSE,
7155,31-Jul-08,9:50:18 AM,PDT,OCSD,GRAB,Nerissa,DGPS,-99,PSU,Overcast,4,KTS,E,0,FT,-99,XX,Calm,None,FALSE,
7155,18-Sep-08,11:19:15 AM,PDT,OCSD,GRAB,Nerissa,DGPS,-99,PSU,Overcast,5,KTS,W,1,FT,8,W,Calm,None,FALSE,
7158,02-Sep-08,10:06:00 AM,PDT,MBC,GRAB,Kathryn M,DGPS,-99,PSU,Clear,3,KTS,W,2,FT,15,W,Calm,None,FALSE,
7159,02-Sep-08,11:30:00 AM,PDT,MBC,GRAB,Kathryn M,DGPS,-99,PSU,Clear,3,KTS,W,2,FT,15,W,Calm,None,FALSE,
7165,17-Sep-08,9:45:12 AM,PDT,OCSD,GRAB,Nerissa,DGPS,-99,PSU,Overcast,4,KTS,N,0,FT,-99,XX,Calm,None,FALSE,
7165,15-Jul-08,1:11:01 PM,PDT,OCSD,GRAB,Nerissa,DGPS,-99,PSU,Clear,9,KTS,W,1,FT,6,W,Calm,None,FALSE,
7166,15-Jul-08,2:04:31 PM,PDT,OCSD,GRAB,Nerissa,DGPS,-99,PSU,Clear,10,KTS,W,1,FT,6,W,Calm,None,FALSE,
7166,17-Sep-08,10:47:21 AM,PDT,OCSD,GRAB,Nerissa,DGPS,-99,PSU,Overcast,3,KTS,W,0,FT,-99,XX,Calm,None,FALSE,
7167,17-Sep-08,11:12:23 AM,PDT,OCSD,GRAB,Nerissa,DGPS,-99,PSU,Overcast,5,KTS,W,0,FT,-99,XX,Calm,None,FALSE,
7167,15-Jul-08,2:36:36 PM,PDT,OCSD,GRAB,Nerissa,DGPS,-99,PSU,Clear,9,KTS,W,1,FT,6,W,Calm,None,FALSE,
7168,31-Jul-08,7:00:59 AM,PDT,OCSD,GRAB,Nerissa,DGPS,-99,PSU,Overcast,2,KTS,NW,0,FT,-99,XX,Calm,None,FALSE,
7168,18-Sep-08,10:12:59 AM,PDT,OCSD,GRAB,Nerissa,DGPS,-99,PSU,Overcast,1,KTS,N,1,FT,8,W,Calm,None,FALSE,
7173,17-Sep-08,8:18:44 AM,PDT,OCSD,GRAB,Nerissa,DGPS,-99,PSU,Overcast,2,KTS,NE,0,FT,-99,XX,Calm,None,FALSE,
7173,15-Jul-08,11:37:07 AM,PDT,OCSD,GRAB,Nerissa,DGPS,-99,PSU,Clear,6,KTS,W,1,FT,6,W,Calm,None,FALSE,
7174,15-Jul-08,3:03:00 PM,PDT,OCSD,GRAB,Nerissa,DGPS,-99,PSU,Clear,8,KTS,W,1,FT,6,W,Calm,None,FALSE,
7174,17-Sep-08,11:28:49 AM,PDT,OCSD,GRAB,Nerissa,DGPS,-99,PSU,Partly Cloudy,4,KTS,W,0,FT,-99,XX,Calm,None,FALSE,
7175,18-Sep-08,6:59:31 AM,PDT,OCSD,GRAB,Nerissa,DGPS,-99,PSU,Overcast,2,KTS,SW,1,FT,8,W,Calm,None,FALSE,
7185,17-Sep-08,12:43:08 PM,PDT,OCSD,GRAB,Nerissa,DGPS,-99,PSU,Partly Cloudy,7,KTS,W,0,FT,-99,XX,Calm,None,FALSE,
7185,15-Jul-08,4:38:42 PM,PDT,OCSD,GRAB,Nerissa,DGPS,-99,PSU,Clear,10,KTS,W,1,FT,6,W,Calm,None,FALSE,
7186,30-Jul-08,8:45:37 AM,PDT,OCSD,GRAB,Nerissa,DGPS,-99,PSU,Overcast,2,KTS,SE,1,FT,6,W,Calm,None,FALSE,
7193,15-Jul-08,9:17:34 AM,PDT,OCSD,GRAB,Nerissa,DGPS,-99,PSU,Clear,2,KTS,W,1,FT,6,W,Calm,None,FALSE,
7193,17-Sep-08,7:13:08 AM,PDT,OCSD,GRAB,Nerissa,DGPS,-99,PSU,Overcast,3,KTS,NE,1,FT,10,W,Calm,None,FALSE,
7199,08-Sep-08,4:50:00 PM,PDT,SCCWRP,GRAB,Shearwater,DGPS,-99,PSU,Overcast,6,KTS,SE,3,FT,16,W,Calm,None,FALSE,Extra station; not processed
7200,16-Jul-08,7:42:08 AM,PDT,LACSD,GRAB,Ocean Sentinel,DGPS,-99,PSU,Haze,5,KTS,W,2,FT,4,W,Calm,None,FALSE,
7206,15-Jul-08,5:19:14 PM,PDT,LACSD,GRAB,Ocean Sentinel,DGPS,-99,PSU,Haze,14,KTS,W,2,FT,5,W,Choppy,None,FALSE,
7207,30-Jul-08,7:41:22 AM,PDT,OCSD,GRAB,Nerissa,DGPS,-99,PSU,Overcast,2,KTS,E,1,FT,6,W,Calm,None,FALSE,
7208,15-Jul-08,8:06:20 AM,PDT,OCSD,GRAB,Nerissa,DGPS,-99,PSU,Clear,3,KTS,NW,1,FT,6,W,Calm,None,FALSE,
7208,17-Sep-08,6:47:10 AM,PDT,OCSD,GRAB,Nerissa,DGPS,-99,PSU,Overcast,3,KTS,SW,0,FT,-99,XX,Calm,None,FALSE,
7209,08-Sep-08,4:22:00 PM,PDT,SCCWRP,GRAB,Shearwater,DGPS,-99,PSU,Overcast,6,KTS,SE,3,FT,16,W,Calm,None,FALSE,Extra station; not processed
7210,30-Jul-08,10:12:22 AM,PDT,OCSD,GRAB,Nerissa,DGPS,-99,PSU,Overcast,4,KTS,SE,1,FT,6,W,Calm,None,FALSE,
7212,15-Jul-08,3:45:11 PM,PDT,LACSD,GRAB,Ocean Sentinel,DGPS,-99,PSU,Haze,12,KTS,W,2,FT,5,W,Calm,I,FALSE,station too deep
7212,16-Jul-08,5:46:41 AM,PDT,LACSD,GRAB,Ocean Sentinel,DGPS,-99,PSU,Haze,6,KTS,W,1,FT,6,W,Calm,None,FALSE,2nd location within radius
7214,08-Sep-08,1:42:00 PM,PDT,SCCWRP,GRAB,Shearwater,DGPS,-99,PSU,Overcast,4,KTS,SE,3,FT,16,W,Calm,S,TRUE,Moved three times; grab came up with rocks in jaws
7215,15-Jul-08,6:52:04 AM,PDT,OCSD,GRAB,Nerissa,DGPS,-99,PSU,Clear,3,KTS,NW,1,FT,6,W,Calm,None,FALSE,
7215,17-Sep-08,6:38:51 AM,PDT,OCSD,GRAB,Nerissa,DGPS,-99,PSU,Overcast,2,KTS,N,0,FT,-99,XX,Calm,None,FALSE,
7228,08-Sep-08,3:49:00 PM,PDT,SCCWRP,GRAB,Shearwater,DGPS,-99,PSU,Overcast,6,KTS,SE,3,FT,16,W,Calm,None,FALSE,Extra station; not processed
7231,17-Sep-08,6:06:09 AM,PDT,OCSD,GRAB,Nerissa,DGPS,-99,PSU,Overcast,3,KTS,N,0,FT,-99,XX,Calm,None,FALSE,
7231,15-Jul-08,7:20:43 AM,PDT,OCSD,GRAB,Nerissa,DGPS,-99,PSU,Clear,2,KTS,E,1,FT,6,W,Calm,None,FALSE,
7235,08-Sep-08,3:03:00 PM,PDT,SCCWRP,GRAB,Shearwater,DGPS,-99,PSU,Overcast,5,KTS,SE,3,FT,16,W,Calm,None,FALSE,
7236,30-Jul-08,6:57:09 AM,PDT,OCSD,GRAB,Nerissa,DGPS,-99,PSU,Overcast,6,KTS,SE,1,FT,6,W,Calm,None,FALSE,
7238,15-Jul-08,3:05:33 PM,PDT,LACSD,GRAB,Ocean Sentinel,DGPS,-99,PSU,Haze,7,KTS,W,2,FT,6,W,Calm,None,FALSE,
7241,30-Jul-08,11:15:38 AM,PDT,OCSD,GRAB,Nerissa,DGPS,-99,PSU,Overcast,4,KTS,S,1,FT,6,W,Calm,None,FALSE,
7250,15-Jul-08,1:04:14 PM,PDT,LACSD,GRAB,Ocean Sentinel,DGPS,-99,PSU,Haze,4,KTS,W,2,FT,7,W,Calm,None,FALSE,
7251,16-Jul-08,9:02:47 AM,PDT,LACSD,GRAB,Ocean Sentinel,DGPS,-99,PSU,Haze,8,KTS,W,2,FT,5,W,Calm,None,FALSE,
7253,30-Jul-08,12:14:15 PM,PDT,OCSD,GRAB,Nerissa,DGPS,-99,PSU,Overcast,3,KTS,SW,1,FT,6,W,Calm,None,FALSE,
7269,14-Jul-08,7:27:25 AM,PDT,OCSD,GRAB,Nerissa,DGPS,-99,PSU,Partly Cloudy,3,KTS,W,0,FT,-99,XX,Calm,None,FALSE,
7269,11-Sep-08,9:35:41 AM,PDT,OCSD,GRAB,Nerissa,DGPS,-99,PSU,Overcast,2,KTS,NW,1,FT,8,W,Calm,None,FALSE,
7280,15-Jul-08,11:16:22 AM,PDT,LACSD,GRAB,Ocean Sentinel,DGPS,-99,PSU,Haze,7,KTS,W,2,FT,5,W,Calm,None,FALSE,
7287,24-Jul-08,8:46:00 AM,PDT,LACSD,GRAB,Ocean Sentinel,DGPS,-99,PSU,Overcast,1,KTS,W,1,FT,4,W,Calm,None,FALSE,
7287,14-Jul-08,9:15:24 AM,PDT,OCSD,GRAB,Nerissa,DGPS,-99,PSU,Clear,10,KTS,W,0,FT,-99,XX,Calm,None,FALSE,
7288,16-Jul-08,10:50:06 AM,PDT,LACSD,GRAB,Ocean Sentinel,DGPS,-99,PSU,Haze,5,KTS,W,2,FT,5,W,Calm,None,FALSE,
7293,14-Jul-08,5:53:12 AM,PDT,OCSD,GRAB,Nerissa,DGPS,-99,PSU,Clear,3,KTS,W,0,FT,-99,XX,Calm,None,FALSE,
7293,11-Sep-08,10:46:55 AM,PDT,OCSD,GRAB,Nerissa,DGPS,-99,PSU,Overcast,1,KTS,W,1,FT,8,W,Calm,None,FALSE,
7296,16-Jul-08,12:08:48 PM,PDT,LACSD,GRAB,Ocean Sentinel,DGPS,-99,PSU,Haze,5,KTS,W,2,FT,5,W,Calm,None,FALSE,
7298,23-Jul-08,2:15:12 PM,PDT,LACSD,GRAB,Ocean Sentinel,DGPS,-99,PSU,Clear,8,KTS,W,1,FT,8,W,Calm,None,FALSE,
7300,11-Sep-08,10:28:14 AM,PDT,OCSD,GRAB,Nerissa,DGPS,-99,PSU,Overcast,4,KTS,W,1,FT,8,W,Calm,None,FALSE,
7300,14-Jul-08,8:19:23 AM,PDT,OCSD,GRAB,Nerissa,DGPS,-99,PSU,Partly Cloudy,3,KTS,W,0,FT,-99,XX,Calm,None,FALSE,
7301,23-Jul-08,1:47:34 PM,PDT,LACSD,GRAB,Ocean Sentinel,DGPS,-99,PSU,Clear,7,KTS,SW,1,FT,8,SW,Calm,None,FALSE,
7305,23-Jul-08,1:30:45 PM,PDT,LACSD,GRAB,Ocean Sentinel,DGPS,-99,PSU,Clear,10,KTS,SW,1,FT,8,SW,Calm,None,FALSE,
7312,23-Jul-08,12:42:18 PM,PDT,LACSD,GRAB,Ocean Sentinel,DGPS,-99,PSU,Clear,6,KTS,SW,1,FT,8,SW,Calm,None,FALSE,
7313,23-Jul-08,2:28:01 PM,PDT,LACSD,GRAB,Ocean Sentinel,DGPS,-99,PSU,Clear,11,KTS,W,1,FT,8,W,Calm,None,FALSE,
7313,24-Jul-08,8:12:00 AM,PDT,LACSD,GRAB,Ocean Sentinel,DGPS,-99,PSU,Overcast,2,KTS,S,1,FT,5,W,Calm,None,FALSE,
7316,15-Jul-08,10:31:51 AM,PDT,LACSD,GRAB,Ocean Sentinel,DGPS,-99,PSU,Haze,4,KTS,W,3,FT,5,W,Calm,I,TRUE,site too deep
7318,15-Jul-08,9:53:26 AM,PDT,LACSD,GRAB,Ocean Sentinel,DGPS,-99,PSU,Clear,4,KTS,NW,2,FT,5,W,Calm,I,TRUE,too deep
7320,24-Jul-08,11:05:00 AM,PDT,LACSD,GRAB,Ocean Sentinel,DGPS,-99,PSU,Overcast,6,KTS,W,1,FT,5,W,Calm,None,FALSE,
7321,24-Jul-08,10:31:00 AM,PDT,LACSD,GRAB,Ocean Sentinel,DGPS,-99,PSU,Overcast,3,KTS,SW,1,FT,5,W,Calm,None,FALSE,This station listed as OCSD grab; LACSD will take grab to help SCCWRP
7324,24-Jul-08,10:43:00 AM,PDT,LACSD,GRAB,Ocean Sentinel,DGPS,-99,PSU,Overcast,6,KTS,SW,1,FT,5,W,Calm,None,FALSE,
7325,23-Jul-08,11:56:06 AM,PDT,LACSD,GRAB,Ocean Sentinel,DGPS,-99,PSU,Clear,6,KTS,SW,1,FT,8,SW,Calm,None,FALSE,
7355,23-Jul-08,8:50:16 AM,PDT,LACSD,GRAB,Ocean Sentinel,DGPS,-99,PSU,Overcast,0,KTS,E,0,FT,0,XX,Calm,None,FALSE,
7365,15-Jul-08,6:01:18 AM,PDT,LACSD,GRAB,Ocean Sentinel,DGPS,-99,PSU,Overcast,5,KTS,NW,3,FT,5,W,Confused,C,TRUE,repeated miss fire
7395,24-Jul-08,1:26:00 PM,PDT,LACSD,GRAB,Ocean Sentinel,DGPS,-99,PSU,Haze,3,KTS,W,1,FT,5,W,Calm,None,FALSE,
7397,14-Jul-08,11:44:05 AM,PDT,LACSD,GRAB,Ocean Sentinel,DGPS,-99,PSU,Clear,4,KTS,W,1,FT,5,W,Calm,I,TRUE,too deep for cable out
7401,14-Jul-08,3:57:03 AM,PDT,LACSD,GRAB,Ocean Sentinel,DGPS,-99,PSU,Partly Cloudy,1,KTS,W,1,FT,5,W,Calm,None,FALSE,
7403,08-Jul-08,9:48:00 AM,PDT,CLAEMD,GRAB,La Mer,DGPS,,,Overcast,7,KTS,SW,3,FT,8,SW,Calm,None,FALSE,
7405,11-Sep-08,10:48:00 AM,PDT,SCCWRP,GRAB,Shearwater,DGPS,-99,PSU,Partly Cloudy,7,KTS,W,3,FT,10,W,Choppy,None,FALSE,
7407,11-Sep-08,9:23:00 AM,PDT,SCCWRP,GRAB,Shearwater,DGPS,-99,PSU,Overcast,6,KTS,W,3,FT,10,W,Choppy,S,TRUE,Rough seas
7408,11-Sep-08,10:03:00 AM,PDT,SCCWRP,GRAB,Shearwater,DGPS,-99,PSU,Overcast,7,KTS,W,3,FT,10,W,Choppy,None,FALSE,
7410,08-Jul-08,11:26:00 AM,PDT,CLAEMD,GRAB,La Mer,DGPS,,,Overcast,8,KTS,SW,2,FT,12,SW,Calm,None,FALSE,
7412,14-Jul-08,10:28:33 AM,PDT,LACSD,GRAB,Ocean Sentinel,DGPS,-99,PSU,Clear,4,KTS,NW,1,FT,5,W,Calm,None,FALSE,
7413,14-Jul-08,8:59:39 AM,PDT,LACSD,GRAB,Ocean Sentinel,DGPS,-99,PSU,Clear,2,KTS,NW,2,FT,5,W,Calm,None,FALSE,
7415,08-Jul-08,10:36:00 AM,PDT,CLAEMD,GRAB,La Mer,DGPS,,,Overcast,8,KTS,SW,2,FT,12,SW,Calm,None,FALSE,
7417,08-Jul-08,8:40:00 AM,PDT,CLAEMD,GRAB,La Mer,DGPS,,,Overcast,3,KTS,SW,3,FT,12,SW,Calm,None,FALSE,
7426,08-Jul-08,12:17:00 PM,PDT,CLAEMD,GRAB,La Mer,DGPS,,,Overcast,12,KTS,SW,2,FT,10,SW,Calm,None,FALSE,
7428,15-Jul-08,10:01:00 AM,PDT,CLAEMD,GRAB,La Mer,DGPS,,,Clear,2,KTS,E,2,FT,10,SW,Calm,None,FALSE,
7438,11-Sep-08,11:52:00 AM,PDT,SCCWRP,GRAB,Shearwater,DGPS,-99,PSU,Partly Cloudy,5,KTS,W,3,FT,10,W,Choppy,None,FALSE,
7439,11-Sep-08,8:14:00 AM,PDT,SCCWRP,GRAB,Shearwater,DGPS,-99,PSU,Overcast,6,KTS,W,3,FT,10,W,Choppy,None,FALSE,
7442,11-Sep-08,12:33:00 PM,PDT,SCCWRP,GRAB,Shearwater,DGPS,-99,PSU,Partly Cloudy,5,KTS,W,3,FT,10,W,Choppy,None,FALSE,
7452,14-Jul-08,7:01:42 AM,PDT,LACSD,GRAB,Ocean Sentinel,DGPS,-99,PSU,Clear,2,KTS,NW,1,FT,5,W,Calm,None,FALSE,
7456,11-Sep-08,2:32:00 PM,PDT,SCCWRP,GRAB,Shearwater,DGPS,-99,PSU,Clear,12,KTS,W,3,FT,10,W,Choppy,None,FALSE,
7457,14-Jul-08,1:11:27 PM,PDT,LACSD,GRAB,Ocean Sentinel,DGPS,-99,PSU,Haze,4,KTS,W,1,FT,5,W,Calm,None,FALSE,
7458,09-Jul-08,10:23:00 AM,PDT,CLAEMD,GRAB,La Mer,DGPS,,,Fog,12,KTS,S,2,FT,8,SW,Calm,None,FALSE,
7460,14-Jul-08,3:13:48 PM,PDT,LACSD,GRAB,Ocean Sentinel,DGPS,-99,PSU,Haze,5,KTS,W,2,FT,5,W,Calm,None,FALSE,
7461,09-Jul-08,9:35:00 AM,PDT,CLAEMD,GRAB,La Mer,DGPS,,,Fog,8,KTS,S,2,FT,12,SW,Calm,None,FALSE,
7462,11-Sep-08,1:03:00 PM,PDT,SCCWRP,GRAB,Shearwater,DGPS,-99,PSU,Clear,12,KTS,NW,3,FT,10,W,Confused,None,FALSE,
7474,09-Jul-08,11:43:00 AM,PDT,CLAEMD,GRAB,La Mer,DGPS,,,Fog,8,KTS,W,2,FT,10,SW,Calm,None,FALSE,
7475,11-Sep-08,1:48:00 PM,PDT,SCCWRP,GRAB,Shearwater,DGPS,-99,PSU,Clear,12,KTS,NW,3,FT,10,W,Confused,None,FALSE,
7476,11-Sep-08,7:25:00 AM,PDT,SCCWRP,GRAB,Shearwater,DGPS,-99,PSU,Overcast,5,KTS,W,3,FT,15,W,Choppy,None,FALSE,
7477,02-Jul-08,11:59:00 AM,PDT,CLAEMD,GRAB,La Mer,DGPS,,,Clear,10,KTS,SW,2,FT,10,SW,Calm,None,FALSE,slight haze
7479,02-Jul-08,8:57:00 AM,PDT,CLAEMD,GRAB,La Mer,DGPS,,,Haze,4,KTS,SW,2,FT,10,SW,Calm,None,FALSE,
7489,12-Sep-08,10:32:00 AM,PDT,SCCWRP,GRAB,Shearwater,DGPS,-99,PSU,Overcast,8,KTS,W,4,FT,8,W,Choppy,None,FALSE,Extra station; not processed
7493,10-Sep-08,4:29:00 PM,PDT,SCCWRP,GRAB,Shearwater,DGPS,-99,PSU,Partly Cloudy,10,KTS,W,4,FT,17,NW,Choppy,None,FALSE,
7494,11-Sep-08,3:55:00 PM,PDT,SCCWRP,GRAB,Shearwater,DGPS,-99,PSU,Clear,3,KTS,W,2,FT,10,W,Calm,None,FALSE,
7499,12-Aug-08,12:14:59 PM,PDT,ABC,GRAB,Yellowfin,DGPS,-99,PSU,Clear,5,KTS,SW,3,FT,10,SW,Calm,None,FALSE,
7506,10-Sep-08,3:25:00 PM,PDT,SCCWRP,GRAB,Shearwater,DGPS,-99,PSU,Overcast,10,KTS,W,6,FT,17,NW,Choppy,None,FALSE,
7517,09-Jul-08,8:12:00 AM,PDT,CLAEMD,GRAB,La Mer,DGPS,,,Fog,5,KTS,SW,2,FT,12,SW,Calm,None,FALSE,
7518,09-Sep-08,11:11:00 AM,PDT,SCCWRP,GRAB,Shearwater,DGPS,-99,PSU,Overcast,7,KTS,W,3,FT,15,NW,Choppy,None,FALSE,
7520,09-Sep-08,10:28:00 AM,PDT,SCCWRP,GRAB,Shearwater,DGPS,-99,PSU,Overcast,7,KTS,W,3,FT,15,NW,Choppy,None,FALSE,We had to wait for large cargo ship to pass.  Site in the shipping lane.
7522,26-Aug-08,8:18:05 AM,PDT,ABC,GRAB,Hey Jude,DGPS,-99,PSU,Overcast,0,KTS,XX,3,FT,9,SW,Calm,None,FALSE,
7526,13-Aug-08,12:19:01 PM,PDT,ABC,GRAB,Yellowfin,DGPS,-99,PSU,Clear,6,KTS,NE,3,FT,10,SW,Calm,None,FALSE,
7527,09-Sep-08,3:44:00 PM,PDT,SCCWRP,GRAB,Shearwater,DGPS,-99,PSU,Clear,12,KTS,W,3,FT,15,NW,Choppy,None,FALSE,
7528,12-Aug-08,1:24:45 PM,PDT,ABC,GRAB,Yellowfin,DGPS,-99,PSU,Clear,5,KTS,SW,3,FT,10,SW,Calm,None,FALSE,
7529,10-Sep-08,2:58:00 PM,PDT,SCCWRP,GRAB,Shearwater,DGPS,-99,PSU,Partly Cloudy,10,KTS,W,6,FT,17,NW,Choppy,None,FALSE,
7530,10-Sep-08,9:40:00 AM,PDT,SCCWRP,GRAB,Shearwater,DGPS,-99,PSU,Overcast,5,KTS,W,4,FT,17,NW,Choppy,S,TRUE,Hard bottom
7532,10-Sep-08,10:07:00 AM,PDT,SCCWRP,GRAB,Shearwater,DGPS,-99,PSU,Overcast,5,KTS,W,4,FT,17,NW,Choppy,S,TRUE,Hard Bottom
7534,10-Sep-08,10:40:00 AM,PDT,SCCWRP,GRAB,Shearwater,DGPS,-99,PSU,Overcast,5,KTS,W,4,FT,17,NW,Choppy,None,FALSE,
7535,09-Sep-08,1:40:00 PM,PDT,SCCWRP,GRAB,Shearwater,DGPS,-99,PSU,Overcast,10,KTS,W,3,FT,15,NW,Choppy,W,TRUE,Located on land; outer 200m was a navigational hazard
7536,10-Sep-08,2:21:00 PM,PDT,SCCWRP,GRAB,Shearwater,DGPS,-99,PSU,Overcast,10,KTS,W,6,FT,17,NW,Choppy,S,TRUE,Rough seas
7537,12-Aug-08,5:00:52 PM,PDT,ABC,GRAB,Yellowfin,DGPS,-99,PSU,Clear,5,KTS,SW,3,FT,8,SW,Calm,None,FALSE,
7540,08-Sep-08,10:56:00 AM,PDT,SCCWRP,GRAB,Shearwater,DGPS,-99,PSU,Overcast,5,KTS,NW,3,FT,10,NW,Calm,None,FALSE,
7542,13-Aug-08,7:04:42 AM,PDT,ABC,GRAB,Yellowfin,DGPS,-99,PSU,Overcast,6,KTS,NE,3,FT,10,SW,Calm,None,FALSE,
7543,09-Sep-08,12:08:00 PM,PDT,SCCWRP,GRAB,Shearwater,DGPS,-99,PSU,Overcast,7,KTS,W,3,FT,15,NW,Choppy,None,FALSE,
7544,13-Aug-08,2:20:27 PM,PDT,ABC,GRAB,Yellowfin,DGPS,-99,PSU,Clear,10,KTS,NE,3,FT,9,SW,Calm,None,FALSE,
7549,09-Sep-08,12:32:00 PM,PDT,SCCWRP,GRAB,Shearwater,DGPS,-99,PSU,Overcast,7,KTS,W,3,FT,15,NW,Choppy,None,FALSE,
7550,13-Aug-08,9:15:19 AM,PDT,ABC,GRAB,Yellowfin,DGPS,-99,PSU,Overcast,6,KTS,NE,3,FT,5,SW,Calm,None,FALSE,
7551,09-Sep-08,1:51:00 PM,PDT,SCCWRP,GRAB,Shearwater,DGPS,-99,PSU,Overcast,11,KTS,W,3,FT,15,NW,Choppy,None,FALSE,
7553,12-Sep-08,9:09:00 AM,PDT,SCCWRP,GRAB,Shearwater,DGPS,-99,PSU,Overcast,5,KTS,NW,5,FT,8,NW,Choppy,None,FALSE,
7555,08-Sep-08,9:53:00 AM,PDT,SCCWRP,GRAB,Shearwater,DGPS,-99,PSU,Overcast,4,KTS,NW,3,FT,10,NW,Calm,None,FALSE,
7556,09-Sep-08,1:12:00 PM,PDT,SCCWRP,GRAB,Shearwater,DGPS,-99,PSU,Overcast,10,KTS,W,3,FT,15,NW,Choppy,None,FALSE,
7557,26-Aug-08,10:25:58 AM,PDT,ABC,GRAB,Hey Jude,DGPS,-99,PSU,Overcast,6,KTS,SW,3,FT,9,SW,Calm,None,FALSE,
7566,10-Sep-08,1:44:00 PM,PDT,SCCWRP,GRAB,Shearwater,DGPS,-99,PSU,Overcast,10,KTS,W,6,FT,17,NW,Rough,None,FALSE,First grab was a pinch of silty clay.  The second had silty clay but a lot of fine gravel.  Weather 
7567,12-Sep-08,9:53:00 AM,PDT,SCCWRP,GRAB,Shearwater,DGPS,-99,PSU,Overcast,15,KTS,NW,5,FT,6,NW,Choppy,Other,TRUE,Seas to rough to grab with a chain rigged Van Veen
7572,26-Aug-08,12:08:29 PM,PDT,ABC,GRAB,Hey Jude,DGPS,-99,PSU,Overcast,4,KTS,SW,3,FT,9,SW,Calm,None,FALSE,
7573,10-Sep-08,8:51:00 AM,PDT,SCCWRP,GRAB,Shearwater,DGPS,-99,PSU,Drizzle,4,KTS,W,4,FT,17,NW,Choppy,None,FALSE,
7583,13-Aug-08,3:55:58 PM,PDT,ABC,GRAB,Yellowfin,DGPS,-99,PSU,Clear,10,KTS,SW,3,FT,8,SW,Calm,None,FALSE,
7585,12-Sep-08,7:33:00 AM,PDT,SCCWRP,GRAB,Shearwater,DGPS,-99,PSU,Overcast,4,KTS,NW,4,FT,8,NW,Calm,None,FALSE,
7586,12-Sep-08,8:35:00 AM,PDT,SCCWRP,GRAB,Shearwater,DGPS,-99,PSU,Overcast,4,KTS,NW,5,FT,8,NW,Choppy,None,FALSE,
7588,09-Sep-08,2:51:00 PM,PDT,SCCWRP,GRAB,Shearwater,DGPS,-99,PSU,Partly Cloudy,10,KTS,W,3,FT,15,NW,Choppy,None,FALSE,
7590,28-Jul-08,7:31:33 AM,PDT,MBC,GRAB,Zephyr,DGPS,-99,PSU,Overcast,2,KTS,W,4,FT,11,W,Calm,None,FALSE,
7596,26-Aug-08,1:51:50 PM,PDT,ABC,GRAB,Hey Jude,DGPS,-99,PSU,Overcast,9,KTS,W,3,FT,9,SW,Calm,None,FALSE,
7604,24-Jul-08,9:54:53 AM,PDT,MBC,GRAB,Zephyr,DGPS,-99,PSU,Overcast,2,KTS,W,4,FT,11,W,Calm,None,FALSE,
7607,24-Jul-08,9:16:43 AM,PDT,MBC,GRAB,Zephyr,DGPS,-99,PSU,Overcast,2,KTS,W,4,FT,11,W,Calm,None,FALSE,
7609,27-Jul-08,1:56:19 PM,PDT,MBC,GRAB,Zephyr,DGPS,-99,PSU,Clear,4,KTS,W,3,FT,10,W,Calm,None,FALSE,
7611,28-Jul-08,6:51:45 AM,PDT,MBC,GRAB,Zephyr,DGPS,-99,PSU,Overcast,2,KTS,NE,2,FT,11,W,Calm,None,FALSE,
7612,10-Sep-08,12:01:00 PM,PDT,SCCWRP,GRAB,Shearwater,DGPS,-99,PSU,Overcast,10,KTS,W,6,FT,17,NW,Choppy,S,TRUE,Rough Seas
7615,28-Jul-08,6:15:10 AM,PDT,MBC,GRAB,Zephyr,DGPS,-99,PSU,Overcast,2,KTS,W,4,FT,11,W,Calm,None,FALSE,
7617,28-Jul-08,5:45:53 AM,PDT,MBC,GRAB,Zephyr,DGPS,-99,PSU,Overcast,2,KTS,W,4,FT,11,W,Calm,None,FALSE,
7619,24-Jul-08,8:12:27 AM,PDT,MBC,GRAB,Zephyr,DGPS,-99,PSU,Overcast,2,KTS,W,4,FT,11,W,Calm,None,FALSE,
7620,28-Jul-08,8:32:54 AM,PDT,MBC,GRAB,Zephyr,DGPS,-99,PSU,Overcast,2,KTS,W,4,FT,11,W,Calm,None,FALSE,
7624,24-Jul-08,11:02:50 AM,PDT,MBC,GRAB,Zephyr,DGPS,-99,PSU,Overcast,5,KTS,W,4,FT,11,W,Calm,None,FALSE,
7625,24-Jul-08,11:58:05 AM,PDT,MBC,GRAB,Zephyr,DGPS,-99,PSU,Partly Cloudy,5,KTS,W,4,FT,11,W,Calm,None,FALSE,
7629,24-Jul-08,7:18:13 AM,PDT,MBC,GRAB,Zephyr,DGPS,-99,PSU,Overcast,2,KTS,W,4,FT,11,W,Calm,None,FALSE,
7632,27-Jul-08,12:54:13 PM,PDT,MBC,GRAB,Zephyr,DGPS,-99,PSU,Partly Cloudy,4,KTS,W,4,FT,10,W,Calm,None,FALSE,
7633,27-Jul-08,3:16:09 PM,PDT,MBC,GRAB,Zephyr,DGPS,-99,PSU,Clear,4,KTS,W,3,FT,10,W,Calm,None,FALSE,
7637,27-Jul-08,11:36:17 AM,PDT,MBC,GRAB,Zephyr,DGPS,-99,PSU,Partly Cloudy,4,KTS,W,4,FT,10,W,Calm,None,FALSE,
7645,25-Jul-08,6:03:45 AM,PDT,MBC,GRAB,Zephyr,DGPS,-99,PSU,Clear,2,KTS,W,4,FT,10,W,Calm,None,FALSE,
7647,24-Jul-08,6:02:57 AM,PDT,MBC,GRAB,Zephyr,DGPS,-99,PSU,Overcast,2,KTS,W,4,FT,11,W,Calm,None,FALSE,
7651,25-Jul-08,6:50:44 AM,PDT,MBC,GRAB,Zephyr,DGPS,-99,PSU,Clear,2,KTS,W,4,FT,10,W,Calm,None,FALSE,
7652,25-Jul-08,7:37:17 AM,PDT,MBC,GRAB,Zephyr,DGPS,-99,PSU,Clear,3,KTS,W,6,FT,10,W,Calm,None,FALSE,
7654,25-Jul-08,9:44:36 AM,PDT,MBC,GRAB,Zephyr,DGPS,-99,PSU,Clear,5,KTS,W,6,FT,10,W,Calm,None,FALSE,
7668,25-Jul-08,10:40:15 AM,PDT,MBC,GRAB,Zephyr,DGPS,-99,PSU,Clear,7,KTS,W,6,FT,10,W,Calm,None,FALSE,
7671,25-Jul-08,11:14:31 AM,PDT,MBC,GRAB,Zephyr,DGPS,-99,PSU,Partly Cloudy,5,KTS,W,4,FT,10,W,Calm,None,FALSE,
7678,25-Jul-08,12:09:29 PM,PDT,MBC,GRAB,Zephyr,DGPS,-99,PSU,Overcast,5,KTS,W,4,FT,10,W,Calm,None,FALSE,
7681,24-Jul-08,3:04:05 PM,PDT,MBC,GRAB,Zephyr,DGPS,-99,PSU,Partly Cloudy,8,KTS,W,4,FT,11,W,Calm,None,FALSE,
7684,27-Jul-08,8:03:59 AM,PDT,MBC,GRAB,Zephyr,DGPS,-99,PSU,Fog,4,KTS,W,5,FT,9,W,Calm,None,FALSE,
7686,27-Jul-08,9:47:37 AM,PDT,MBC,GRAB,Zephyr,DGPS,-99,PSU,Overcast,3,KTS,W,6,FT,7,W,Confused,None,FALSE,swell also out of the south at 3' and 13 seconds
7688,24-Jul-08,1:57:09 PM,PDT,MBC,GRAB,Zephyr,DGPS,-99,PSU,Partly Cloudy,8,KTS,W,4,FT,11,W,Calm,None,FALSE,
7696,25-Jul-08,1:14:03 PM,PDT,MBC,GRAB,Zephyr,DGPS,-99,PSU,Overcast,5,KTS,W,4,FT,10,W,Calm,None,FALSE,
7697,27-Jul-08,7:02:35 AM,PDT,MBC,GRAB,Zephyr,DGPS,-99,PSU,Fog and Drizzle,4,KTS,W,5,FT,9,W,Calm,None,FALSE,
7700,27-Jul-08,5:49:32 AM,PDT,MBC,GRAB,Zephyr,DGPS,-99,PSU,Fog and Drizzle,4,KTS,W,5,FT,9,W,Calm,None,FALSE,
7701,25-Jul-08,2:14:28 PM,PDT,MBC,GRAB,Zephyr,DGPS,-99,PSU,Overcast,5,KTS,W,4,FT,10,W,Calm,None,FALSE,
7708,28-Jul-08,10:45:42 AM,PDT,MBC,GRAB,Zephyr,DGPS,-99,PSU,Overcast,2,KTS,W,3,FT,11,W,Calm,None,FALSE,
7709,26-Jul-08,11:21:31 AM,PDT,MBC,GRAB,Zephyr,DGPS,-99,PSU,Clear,5,KTS,W,8,FT,7,W,Calm,None,FALSE,
7714,28-Jul-08,9:14:18 AM,PDT,MBC,GRAB,Zephyr,DGPS,-99,PSU,Overcast,2,KTS,W,3,FT,11,W,Calm,None,FALSE,
7716,26-Jul-08,7:20:53 AM,PDT,MBC,GRAB,Zephyr,DGPS,-99,PSU,Clear,3,KTS,W,3,FT,10,W,Calm,None,FALSE,
7717,24-Jul-08,2:22:23 PM,PDT,MBC,GRAB,Zephyr,DGPS,-99,PSU,Partly Cloudy,8,KTS,W,4,FT,11,W,Calm,None,FALSE,
7727,26-Jul-08,1:02:56 PM,PDT,MBC,GRAB,Zephyr,DGPS,-99,PSU,Clear,5,KTS,W,3,FT,10,W,Calm,None,FALSE,
7728,25-Jul-08,3:19:33 PM,PDT,MBC,GRAB,Zephyr,DGPS,-99,PSU,Partly Cloudy,5,KTS,W,4,FT,10,W,Calm,None,FALSE,
7732,26-Jul-08,9:37:54 AM,PDT,MBC,GRAB,Zephyr,DGPS,-99,PSU,Clear,3,KTS,W,3,FT,10,W,Calm,None,FALSE,
7735,26-Jul-08,6:35:15 AM,PDT,MBC,GRAB,Zephyr,DGPS,-99,PSU,Clear,3,KTS,W,3,FT,11,W,Calm,None,FALSE,
7741,26-Jul-08,5:53:19 AM,PDT,MBC,GRAB,Zephyr,DGPS,-99,PSU,Clear,2,KTS,W,3,FT,11,W,Calm,None,FALSE,
7744,26-Jul-08,2:44:26 PM,PDT,MBC,GRAB,Zephyr,DGPS,-99,PSU,Clear,5,KTS,W,3,FT,10,W,Calm,None,FALSE,
7750,26-Jul-08,10:15:57 AM,PDT,MBC,GRAB,Zephyr,DGPS,-99,PSU,Clear,3,KTS,W,3,FT,10,W,Calm,None,FALSE,
7752,26-Jul-08,2:46:48 PM,PDT,MBC,GRAB,Zephyr,DGPS,-99,PSU,Clear,5,KTS,W,4,FT,10,W,Calm,None,FALSE,
7753,26-Jul-08,5:48:05 PM,PDT,MBC,GRAB,Zephyr,DGPS,-99,PSU,Clear,5,KTS,W,3,FT,10,W,Calm,None,FALSE,
