StationID,LabCode,SampleType,QABatch,Species,Dilution,Concentration,EPCode,Units,StatisticalTest,Mean,N,StdDev,PctControl,SigEffect,QACode,Comment
6001,WS,Result,B08EELPLSELTJR,EE,-99,-99,SP10,PERCENT,t-test,82,5,4.47213,90.7749,SC,A,
6001,WS,Result,B08MGTJR,MG,-99,-99,NPA,PERCENT,t-test,79.8,5,8.31865,89.86486,NSC,A,
6004,WS,Result,B08EELPLSELTJR,EE,-99,-99,SP10,PERCENT,t-test,83,5,4.47213,91.88191,SC,A,
6004,WS,Result,B08MGTJR,MG,-99,-99,NPA,PERCENT,t-test,88.4,5,6.65582,99.54955,NSC,A,
6009,WS,Result,B08EELPLSELTJR,EE,-99,-99,SP10,PERCENT,t-test,81,5,6.5192,89.6679,SC,A,
6009,WS,Result,B08MGTJR,MG,-99,-99,NPA,PERCENT,t-test,0,5,0,0,SC,A,
6010,WS,Result,B08EELPLSELTJR,EE,-99,-99,SP10,PERCENT,t-test,79,5,8.21583,87.45387,SC,A,
6010,WS,Result,B08MGTJR,MG,-99,-99,NPA,PERCENT,t-test,84.4,5,3.36154,95.04504,NSC,A,
6012,WS,Result,B08EELPLSELTJR,EE,-99,-99,SP10,PERCENT,t-test,86,5,5.47722,95.20294,NSC,A,
6012,WS,Result,B08MGTJR,MG,-99,-99,NPA,PERCENT,t-test,84.8,5,6.41872,95.49549,NSC,A,
6015,WS,Result,B08EE090908,EE,-99,-99,SP10,PERCENT,t-test,78,5,11.51086,80.82901,SC,A,
6015,WS,Result,B08MG15,MG,-99,-99,NPA,PERCENT,t-test,91.4,5,11.73882,90.49504,NSC,A,
6017,WS,Result,B08EE090908,EE,-99,-99,SP10,PERCENT,t-test,87,5,7.58287,90.15544,SC,A,
6017,WS,Result,B08MG15,MG,-99,-99,NPA,PERCENT,t-test,99.19999,5,6.6858,98.21781,NSC,A,
6025,WS,Result,B08EE090908,EE,-99,-99,SP10,PERCENT,t-test,86,5,11.40175,89.11917,NSC,A,
6025,WS,Result,B08MG15,MG,-99,-99,NPA,PERCENT,t-test,90.4,5,7.92464,89.50495,SC,A,
6027,WS,Result,B08EE090908,EE,-99,-99,SP10,PERCENT,t-test,88,5,5.70087,91.19171,SC,A,
6027,WS,Result,B08MG15,MG,-99,-99,NPA,PERCENT,t-test,98.4,5,7.26636,97.42574,NSC,A,
6031,WS,Result,B08EE090908,EE,-99,-99,SP10,PERCENT,t-test,89,5,9.61769,92.22798,NSC,A,30 animals added at test initiation
6031,WS,Result,B08MG15,MG,-99,-99,NPA,PERCENT,t-test,92.4,5,14.77497,91.48514,NSC,A,
6039,WS,Result,B08EE090508,EE,-99,-99,SP10,PERCENT,t-test,92,5,4.47213,94.84535,SC,A,
6039,WS,Result,B08MG13,MG,-99,-99,NPA,PERCENT,t-test,90.59999,5,9.3968,89.70297,NSC,A,
6040,WS,Result,B08EE090508,EE,-99,-99,SP10,PERCENT,t-test,88,5,7.58287,90.72164,SC,A,
6040,WS,Result,B08MG13,MG,-99,-99,NPA,PERCENT,t-test,79.59999,5,16.53178,78.81188,NSC,A,
6041,WS,Result,B08EE090908,EE,-99,-99,SP10,PERCENT,t-test,87,5,2.73861,90.15544,SC,A,
6041,WS,Result,B08MG14,MG,-99,-99,NPA,PERCENT,t-test,91.4,5,9.20869,89.96063,SC,A,
6042,WS,Result,B08EE090208,EE,-99,-99,SP10,PERCENT,t-test,82,5,11.51086,83.1081,SC,A,
6042,WS,Result,B08MG13,MG,-99,-99,NPA,PERCENT,t-test,94,5,6.96419,93.0693,NSC,A,
6044,GTCN,Result,GC_B08MG4_S_TOX,MG,-99,-99,NPA,PERCENT,t-test,78.19999,5,12.87245,85.93406,SC,E,
6044,WS,Result,B08EE090908,EE,-99,-99,SP10,PERCENT,t-test,78,5,2.73861,80.82901,SC,A,
6045,WS,Result,B08EE090908,EE,-99,-99,SP10,PERCENT,t-test,87,5,5.70087,90.15544,SC,A,
6045,WS,Result,B08MG14,MG,-99,-99,NPA,PERCENT,t-test,101,5,6.5192,99.40944,NSC,A,
6046,WS,Result,B08EE090908,EE,-99,-99,SP10,PERCENT,t-test,85,5,5,88.0829,SC,A,
6046,WS,Result,B08MG14,MG,-99,-99,NPA,PERCENT,t-test,86.19999,5,4.86826,84.84252,SC,A,
6047,WS,Result,B08EE090908,EE,-99,-99,SP10,PERCENT,t-test,77,5,16.0468,79.79274,SC,A,
6047,WS,Result,B08MG14,MG,-99,-99,NPA,PERCENT,t-test,90.59999,5,13.52035,89.17322,NSC,A,
6049,WS,Result,B08EE090208,EE,-99,-99,SP10,PERCENT,t-test,94,5,5.47722,95.27027,NSC,A,
6049,WS,Result,B08MG11,MG,-99,-99,NPA,PERCENT,t-test,69.19999,5,4.9699,85.43209,SC,A,
6052,WS,Result,B08EESW,EE,-99,-99,SP10,PERCENT,t-test,55,5,13.69306,61.11111,SC,A,
6052,WS,Result,B08MGSW,MG,-99,-99,NPA,PERCENT,t-test,90.4,5,10.40672,113,NSC,A,
6054,WS,Result,B08EE090208,EE,-99,-99,SP10,PERCENT,t-test,85,5,7.07106,86.14865,SC,A,
6054,WS,Result,B08MG13,MG,-99,-99,NPA,PERCENT,t-test,95.19999,5,9.31128,94.25742,NSC,A,
6057,WS,Result,B08EESW,EE,-99,-99,SP10,PERCENT,t-test,72,5,5.70087,80,SC,A,
6057,WS,Result,B08MGSW,MG,-99,-99,NPA,PERCENT,t-test,84,5,3.74165,105,NSC,A,
6060,WS,Result,B08EESW,EE,-99,-99,SP10,PERCENT,t-test,65,5,7.07106,72.22222,SC,A,
6060,WS,Result,B08MGSW,MG,-99,-99,NPA,PERCENT,t-test,92.4,5,7.70064,115.5,NSC,A,
6065,WS,Result,B08EESW,EE,-99,-99,SP10,PERCENT,t-test,64,5,5.47722,71.11111,SC,A,
6065,WS,Result,B08MGSW,MG,-99,-99,NPA,PERCENT,t-test,88.4,5,8.61974,110.5,NSC,A,
6068,GTCN,RESULT,GC_B08MG4_S_TOX,MG,-99,-99,NPA,PERCENT,t-test,71,5,24.57641,78.02198,NSC,E,
6068,WS,Result,B08EE090908,EE,-99,-99,SP10,PERCENT,t-test,88,5,9.08295,91.19171,NSC,A,
6069,WS,Result,B08EESW,EE,-99,-99,SP10,PERCENT,t-test,83,5,14.40486,92.22222,NSC,A,
6069,WS,Result,B08MGSW,MG,-99,-99,NPA,PERCENT,t-test,88.19999,5,3.27108,110.25,NSC,A,
6071,WS,Result,B08EE090208,EE,-99,-99,SP10,PERCENT,t-test,72,5,11.51086,72.97297,SC,A,
6071,WS,Result,B08MG12,MG,-99,-99,NPA,PERCENT,t-test,93,5,5.47722,98.51695,NSC,A,
6072,WS,Result,B08EE090208,EE,-99,-99,SP10,PERCENT,t-test,88,5,5.70087,89.18918,SC,A,
6072,WS,Result,B08MG10,MG,-99,-99,NPA,PERCENT,t-test,77.4,5,12.81795,101.5748,NSC,A,
6075,WS,Result,B08EE090508,EE,-99,-99,SP10,PERCENT,t-test,89,5,8.21583,91.75257,SC,A,
6075,WS,Result,B08MG10,MG,-99,-99,NPA,PERCENT,t-test,63.79999,5,11.1445,83.72703,NSC,A,
6080,WS,Result,B08EE090208,EE,-99,-99,SP10,PERCENT,t-test,87,5,2.73861,88.17567,SC,A,
6080,WS,Result,B08MG12,MG,-99,-99,NPA,PERCENT,t-test,72.5,4,15.0222,76.80084,NSC,X,
6083,WS,Result,B08EE090208,EE,-99,-99,SP10,PERCENT,t-test,84,5,5.47722,85.13513,SC,A,
6083,WS,Result,B08MG12,MG,-99,-99,NPA,PERCENT,t-test,85.59999,5,10.57355,90.67796,NSC,A,
6084,WS,Result,B08EE090208,EE,-99,-99,SP10,PERCENT,t-test,93,5,5.70087,94.25675,SC,A,
6084,WS,Result,B08MG10,MG,-99,-99,NPA,PERCENT,t-test,75.19999,5,12.85301,98.68766,NSC,A,
6085,WS,Result,B08EE090508,EE,-99,-99,SP10,PERCENT,t-test,95,5,6.12372,97.93814,NSC,A,
6085,WS,Result,B08MG10,MG,-99,-99,NPA,PERCENT,t-test,73,5,9.97496,95.80052,NSC,A,
6086,GTCN,RESULT,GC_B08MG4_S_TOX,MG,-99,-99,NPA,PERCENT,t-test,79.19999,5,11.23387,87.03296,SC,E,
6086,WS,Result,B08EE100708,EE,-99,-99,SP10,PERCENT,t-test,83,5,4.47213,85.567,SC,A,
6087,WS,Result,B08EE090508,EE,-99,-99,SP10,PERCENT,t-test,93,5,7.58287,95.87628,NSC,A,
6087,WS,Result,B08MG09R,MG,-99,-99,NPA,PERCENT,t-test,89.4,5,3.84707,93.125,NSC,A,
6090,WS,Result,B08EE090208,EE,-99,-99,SP10,PERCENT,t-test,99,5,2.23606,100.33783,NSC,A,
6090,WS,Result,B08MG11,MG,-99,-99,NPA,PERCENT,t-test,75.59999,5,9.65919,93.33333,NSC,A,
6093,WS,Result,B08EE090208,EE,-99,-99,SP10,PERCENT,t-test,94,5,8.21583,95.27027,NSC,A,
6093,WS,Result,B08MG11,MG,-99,-99,NPA,PERCENT,t-test,81.4,5,4.03732,100.49382,NSC,A,
6094,WS,Result,B08EE090508,EE,-99,-99,SP10,PERCENT,t-test,93,5,4.47213,95.87628,NSC,A,
6094,WS,Result,B08MG09R,MG,-99,-99,NPA,PERCENT,t-test,77.4,5,12.66096,80.625,SC,A,
6106,GTCN,RESULT,GC_B08MG4_S_TOX,MG,-99,-99,NPA,PERCENT,t-test,78.19999,5,11.64903,85.93406,SC,E,
6106,WS,Result,B08EE100708,EE,-99,-99,SP10,PERCENT,t-test,98,5,2.73861,101.03092,NSC,A,
6110,GTCN,RESULT,GC_B08MG4_S_TOX,MG,-99,-99,NPA,PERCENT,t-test,59.2,5,20.89736,65.05494,SC,E,
6110,WS,Result,B08EE100708,EE,-99,-99,SP10,PERCENT,t-test,93,5,4.47213,95.87628,NSC,A,
6113,WS,Result,B08EE090508,EE,-99,-99,SP10,PERCENT,t-test,97,5,4.47213,100,NSC,A,
6115,WS,Result,B08EE090508,EE,-99,-99,SP10,PERCENT,t-test,92,5,4.47213,94.84535,SC,A,
6116,WS,Result,B08EE090508,EE,-99,-99,SP10,PERCENT,t-test,91,5,5.47722,93.81443,SC,A,
6116,WS,Result,B08MG08,MG,-99,-99,NPA,PERCENT,t-test,77.59999,5,9.34344,101.57067,NSC,A,
6119,WS,Result,B08EE090508,EE,-99,-99,SP10,PERCENT,t-test,96,5,4.1833,98.96907,NSC,A,
6119,WS,Result,B08MG08,MG,-99,-99,NPA,PERCENT,t-test,73.59999,5,4.39317,96.33507,NSC,A,
6120,WS,Result,B08EE090508,EE,-99,-99,SP10,PERCENT,t-test,92,5,2.73861,94.84535,SC,A,
6120,WS,Result,B08MG08,MG,-99,-99,NPA,PERCENT,t-test,72,5,10.41633,94.24083,NSC,A,
6125,WS,Result,B08EE090508,EE,-99,-99,SP10,PERCENT,t-test,87,5,14.40486,89.69071,NSC,A,
6125,WS,Result,B08MG08,MG,-99,-99,NPA,PERCENT,t-test,71.59999,5,6.65582,93.71727,NSC,A,
6127,WS,Result,B08EE090508,EE,-99,-99,SP10,PERCENT,t-test,88,5,2.73861,90.72164,SC,A,
6127,WS,Result,B08MG08,MG,-99,-99,NPA,PERCENT,t-test,70.59999,5,57.40034,92.40837,NSC,A,
6128,WS,Result,B08EE090508,EE,-99,-99,SP10,PERCENT,t-test,98,5,2.73861,101.03092,NSC,A,
6128,WS,Result,B08MG11,MG,-99,-99,NPA,PERCENT,t-test,86.19999,5,30.35951,106.41975,NSC,A,
6129,WS,Result,B08EE090208,EE,-99,-99,SP10,PERCENT,t-test,97,5,4.47213,98.31081,NSC,A,
6129,WS,Result,B08MG12,MG,-99,-99,NPA,PERCENT,t-test,74,5,12.18605,78.38983,SC,A,
6130,WS,Result,B08EE090508,EE,-99,-99,SP10,PERCENT,t-test,91,5,2.23606,93.81443,SC,A,
6130,WS,Result,B08MG11,MG,-99,-99,NPA,PERCENT,t-test,77.4,5,2.96647,95.55555,NSC,A,
6133,WS,Result,B08EE082008,EE,-99,-99,SP10,PERCENT,t-test,71,5,11.40175,78.45304,SC,A,
6133,WS,Result,B08MG07,MG,-99,-99,NPA,PERCENT,t-test,52,5,31.83551,60.04618,SC,A,
6134,WS,Result,B08EE082008,EE,-99,-99,SP10,PERCENT,t-test,86,5,5.47722,95.02762,NSC,A,
6134,WS,Result,B08MG07,MG,-99,-99,NPA,PERCENT,t-test,72.59999,5,21.9727,83.83371,NSC,A,
6136,WS,Result,B08EE082008,EE,-99,-99,SP10,PERCENT,t-test,92,5,9.74679,101.65745,NSC,A,
6136,WS,Result,B08MG07,MG,-99,-99,NPA,PERCENT,t-test,43.4,5,39.25939,50.11547,SC,A,
6138,GTCN,QA,GC_B08EE4_S_TOX,EE,-99,-99,SP10,PERCENT,t-test,93,5,4.47213,100,NSC,E,
6138,GTCN,RESULT,GC_B08MG4_S_TOX,MG,-99,-99,NPA,PERCENT,t-test,57.4,5,25.90945,63.07692,SC,E,
6138,WS,Result,B08EE090908,EE,-99,-99,SP10,PERCENT,t-test,83,5,10.36822,86.01036,SC,A,
6140,WS,Result,B08EE082008,EE,-99,-99,SP10,PERCENT,t-test,84,5,9.61769,92.81768,NSC,A,
6140,WS,Result,B08MG07,MG,-99,-99,NPA,PERCENT,t-test,35.59999,5,34.04115,41.10854,SC,A,
6145,WS,Result,B08EE082608,EE,-99,-99,SP10,PERCENT,t-test,97,5,4.47213,102.37467,NSC,A,
6148,WS,Result,B08EE082608,EE,-99,-99,SP10,PERCENT,t-test,96,5,6.5192,101.31925,NSC,A,
6151,WS,Result,B08EE082608,EE,-99,-99,SP10,PERCENT,t-test,96,5,2.23606,101.31925,NSC,A,
6151,WS,Result,B08MG04,MG,-99,-99,NPA,PERCENT,t-test,14,4,21.47867,17.76649,SC,C,
6152,WS,Result,B08EE082008,EE,-99,-99,SP10,PERCENT,t-test,86,5,11.40175,95.02762,NSC,A,
6152,WS,Result,B08MG07,MG,-99,-99,NPA,PERCENT,t-test,69.5,4,15.92691,80.25404,NSC,C,
6153,WS,Result,B08EE082608,EE,-99,-99,SP10,PERCENT,t-test,96,5,4.1833,101.31925,NSC,A,
6153,WS,Result,B08MG04,MG,-99,-99,NPA,PERCENT,t-test,38.4,5,36.32217,48.73096,SC,A,
6154,WS,Result,B08EE082608,EE,-99,-99,SP10,PERCENT,t-test,97,5,2.73861,102.37467,NSC,A,
6154,WS,Result,B08MG06,MG,-99,-99,NPA,PERCENT,t-test,78.4,5,11.37101,89.09091,NSC,A,
6155,WS,Result,B08EE082608,EE,-99,-99,SP10,PERCENT,t-test,93,5,5.70087,98.15303,NSC,A,
6155,WS,Result,B08MG06,MG,-99,-99,NPA,PERCENT,t-test,72.59999,5,9.60728,82.5,NSC,A,
6156,GTCN,RESULT,GC_B08MG3_S_TOX,MG,-99,-99,NPA,PERCENT,t-test,95.8,5,6.97853,107.3991,NSC,AK,
6156,WS,Result,B08EE082008,EE,-99,-99,SP10,PERCENT,t-test,84,5,8.21583,92.81768,NSC,A,
6157,CSD,Result,CSD008,EE,-99,-99,SP10,PERCENT,t-test,97,5,4.47213,100,NSC,A,
6157,WS,Result,B08MG04,MG,-99,-99,NPA,PERCENT,t-test,44.59999,5,18.37933,56.59898,SC,A,
6159,WS,Result,B08EE082608,EE,-99,-99,SP10,PERCENT,t-test,99,5,2.23606,104.48548,NSC,A,
6159,WS,Result,B08MG04,MG,-99,-99,NPA,PERCENT,t-test,45,5,20.40833,57.10659,SC,A,
6161,CSD,Result,CSD008,EE,-99,-99,SP10,PERCENT,t-test,98,5,2.73861,101.03092,NSC,A,
6161,WS,Result,B08MG04,MG,-99,-99,NPA,PERCENT,t-test,41.59999,5,24.25489,52.79187,SC,A,
6165,WS,Result,B08EE082608,EE,-99,-99,SP10,PERCENT,t-test,96.4,5,3.50713,101.74142,NSC,A,
6168,GTCN,RESULT,GC_B08MG3_S_TOX,MG,-99,-99,NPA,PERCENT,t-test,82.59999,5,29.10841,92.60089,NSC,AK,
6168,WS,Result,B08EE082008,EE,-99,-99,SP10,PERCENT,t-test,76,5,12.94217,83.97789,SC,A,
6171,GTCN,QA,GC_B08EE3_S_TOX,EE,-99,-99,SP10,PERCENT,t-test,94,5,4.1833,95.91836,NSC,AK,
6171,WS,Result,B08EE082608,EE,-99,-99,SP10,PERCENT,t-test,92,5,9.08295,97.09762,NSC,A,
6172,GTCN,RESULT,GC_B08MG3_S_TOX,MG,-99,-99,NPA,PERCENT,t-test,46.2,5,50.1717,51.79372,NSC,AK,
6172,WS,Result,B08EE082008,EE,-99,-99,SP10,PERCENT,t-test,83,5,6.7082,91.7127,SC,A,
6173,WS,Result,B08EE082608,EE,-99,-99,SP10,PERCENT,t-test,95,5,5,100.26385,NSC,A,
6173,WS,Result,B08MG06,MG,-99,-99,NPA,PERCENT,t-test,50.79999,5,27.66224,57.72727,SC,A,
6174,GTCN,RESULT,GC_B08MG3_S_TOX,MG,-99,-99,NPA,PERCENT,t-test,88.8,5,7.08519,99.55156,NSC,AK,
6174,WS,Result,B08EE082008,EE,-99,-99,SP10,PERCENT,t-test,87,5,7.58287,96.13259,NSC,A,
6177,WS,Result,B08EE082608,EE,-99,-99,SP10,PERCENT,t-test,91,5,8.21583,96.04221,NSC,A,
6177,WS,Result,B08MG06,MG,-99,-99,NPA,PERCENT,t-test,43.4,5,10.18822,49.31818,SC,A,
6179,WS,Result,B08EE082608,EE,-99,-99,SP10,PERCENT,t-test,99,5,2.23606,104.48548,NSC,A,
6180,WS,Result,B08EE082608,EE,-99,-99,SP10,PERCENT,t-test,98,5,4.47213,103.43007,NSC,A,
6180,WS,Result,B08MG06,MG,-99,-99,NPA,PERCENT,t-test,73.59999,5,10.94531,83.63636,NSC,A,
6181,WS,Result,B08EESDR,EE,-99,-99,SP10,PERCENT,t-test,85,5,10,89.47368,SC,A,
6181,WS,Result,B08MGSDR,MG,-99,-99,NPA,PERCENT,t-test,85,5,13.05756,96.37187,NSC,A,
6189,WS,Result,B08EESDR,EE,-99,-99,SP10,PERCENT,t-test,98,5,2.73861,103.15789,SC,A,
6189,WS,Result,B08MGSDR,MG,-99,-99,NPA,PERCENT,t-test,5.59999,5,10.92245,6.3492,SC,A,
6192,WS,Result,B08EESDR,EE,-99,-99,SP10,PERCENT,t-test,95,5,3.53553,100,SC,A,
6192,WS,Result,B08MGSDR,MG,-99,-99,NPA,PERCENT,t-test,89,5,7.10633,100.90702,NSC,A,
6197,WS,Result,B08EESDR,EE,-99,-99,SP10,PERCENT,t-test,92,5,2.73861,96.8421,SC,A,
6197,WS,Result,B08MGSDR,MG,-99,-99,NPA,PERCENT,t-test,77.19999,5,7.15541,87.52834,SC,A,
6200,WS,Result,B08EESDR,EE,-99,-99,SP10,PERCENT,t-test,93,5,7.58287,97.89473,SC,A,
6200,WS,Result,B08MGSDR,MG,-99,-99,NPA,PERCENT,t-test,94.8,5,6.09918,107.48299,NSC,A,
6204,CSD,Result,CSD008,EE,-99,-99,SP10,PERCENT,t-test,99,5,2.23606,102.06185,NSC,A,
6204,WS,Result,B08MG02,MG,-99,-99,NPA,PERCENT,t-test,80.8,5,10.47377,100.74813,NSC,A,
6211,CSD,Result,CSD008,EE,-99,-99,SP10,PERCENT,t-test,97,5,3.2596,100,NSC,J,
6211,WS,Result,B08MG03,MG,-99,-99,NPA,PERCENT,t-test,81.19999,5,4.71168,104.77419,NSC,A,
6212,CSD,Result,CSD008,EE,-99,-99,SP10,PERCENT,t-test,98,5,2.73861,101.03092,NSC,A,
6212,WS,Result,B08MG02,MG,-99,-99,NPA,PERCENT,t-test,73.8,5,9.75704,92.01995,NSC,A,
6213,CSD,Result,CSD008,EE,-99,-99,SP10,PERCENT,t-test,99,5,2.23606,102.06185,NSC,A,
6213,WS,Result,B08MG02,MG,-99,-99,NPA,PERCENT,t-test,75,5,8.45576,93.51621,NSC,A,
6216,CSD,Result,CSD008,EE,-99,-99,SP10,PERCENT,t-test,93,5,10.36822,95.87628,NSC,A,
6216,WS,Result,B08MG03,MG,-99,-99,NPA,PERCENT,t-test,78,5,7.2801,100.64516,NSC,A,
6217,CSD,Result,CSD008,EE,-99,-99,SP10,PERCENT,t-test,98,5,2.73861,101.03092,NSC,A,
6217,WS,Result,B08MG03,MG,-99,-99,NPA,PERCENT,t-test,79.59999,5,6.76756,102.70967,NSC,A,
6219,CSD,Result,CSD008,EE,-99,-99,SP10,PERCENT,t-test,96,5,6.5192,98.96907,NSC,A,
6219,WS,Result,B08MG03,MG,-99,-99,NPA,PERCENT,t-test,84,5,10.55935,108.3871,NSC,A,
6223,CSD,Result,CSD008,EE,-99,-99,SP10,PERCENT,t-test,92,5,7.58287,94.84535,NSC,A,
6223,WS,Result,B08MG03,MG,-99,-99,NPA,PERCENT,t-test,81.19999,5,6.05805,104.77419,NSC,A,
6228,WS,Result,B08EELPLSELTJR,EE,-99,-99,SP10,PERCENT,t-test,64,5,10.83974,70.8487,SC,A,
6228,WS,Result,B08MGLPL,MG,-99,-99,NPA,PERCENT,t-test,90.59999,5,6.10737,118.89763,NSC,A,
6229,WS,Result,B08EELPLSELTJR,EE,-99,-99,SP10,PERCENT,t-test,84,5,2.23606,92.98892,SC,A,
6229,WS,Result,B08MGLPL,MG,-99,-99,NPA,PERCENT,t-test,82.8,5,7.94984,108.66141,NSC,A,
6230,WS,Result,B08EELPLSELTJR,EE,-99,-99,SP10,PERCENT,t-test,90,5,3.53553,99.63099,NSC,A,
6230,WS,Result,B08MGLPL,MG,-99,-99,NPA,PERCENT,t-test,93.19999,5,7.59605,122.3097,NSC,A,
6232,WS,Result,B08EELPLSELTJR,EE,-99,-99,SP10,PERCENT,t-test,86,5,8.94427,95.20294,NSC,A,
6232,WS,Result,B08MGLPL,MG,-99,-99,NPA,PERCENT,t-test,91.8,5,2.28035,120.47244,NSC,A,
6236,WS,Result,B08EELPLSELTJR,EE,-99,-99,SP10,PERCENT,t-test,88,5,5.70087,97.41697,NSC,A,
6236,WS,Result,B08MGLPL,MG,-99,-99,NPA,PERCENT,t-test,94,4,6.0553,123.35958,NSC,C,
6239,WS,Result,B08EELPLSELTJR,EE,-99,-99,SP10,PERCENT,t-test,85,5,6.12372,94.09593,NSC,A,
6239,WS,Result,B08MGSEL,MG,-99,-99,NPA,PERCENT,t-test,91,5,8.91627,106.30841,NSC,A,
6242,WS,Result,B08EESEL6242,EE,-99,-99,SP10,PERCENT,t-test,89,5,8.94427,98.88888,NSC,A,
6242,WS,Result,B08MGSEL,MG,-99,-99,NPA,PERCENT,t-test,3.59999,5,4.827,4.2056,SC,AN,"Results were likely affected by ammonia concentration in the overlying water.  For the report, a value of 50% normal-alive was used based on the predicted effect of ammonia."
6243,WS,Result,B08EELPLSELTJR,EE,-99,-99,SP10,PERCENT,t-test,74,5,5.47722,81.91881,SC,A,
6243,WS,Result,B08MGSEL,MG,-99,-99,NPA,PERCENT,t-test,93,5,7.10633,108.64485,NSC,A,
6244,WS,Result,B08EELPLSELTJR,EE,-99,-99,SP10,PERCENT,t-test,86,5,5.47722,95.20294,NSC,A,
6244,WS,Result,B08MGSEL,MG,-99,-99,NPA,PERCENT,t-test,84.4,5,11.94989,98.59812,NSC,A,
6245,WS,Result,B08EELPLSELTJR,EE,-99,-99,SP10,PERCENT,t-test,77,5,9.08295,85.23985,SC,A,
6245,WS,Result,B08MGSEL,MG,-99,-99,NPA,PERCENT,t-test,86.59999,5,8.3845,101.16822,NSC,A,
6250,WS,Result,B08EEBL,EE,-99,-99,SP10,PERCENT,t-test,91,5,10.24695,95.18828,NSC,A,
6251,WS,Result,B08EEBL,EE,-99,-99,SP10,PERCENT,t-test,95.19999,5,3.5637,99.58158,NSC,A,
6252,WS,Result,B08EEBL,EE,-99,-99,SP10,PERCENT,t-test,86,5,6.5192,89.95816,SC,A,
6253,WS,Result,B08EEBL,EE,-99,-99,SP10,PERCENT,t-test,93,5,2.73861,97.28033,NSC,A,
6264,WS,Result,B08EEBL,EE,-99,-99,SP10,PERCENT,t-test,60,5,11.72603,62.7615,SC,A,
6269,WS,Result,B08EEAH,EE,-99,-99,SP10,PERCENT,t-test,83,5,9.74679,90.21739,NSC,A,
6269,WS,Result,B08MGAH,MG,-99,-99,NPA,PERCENT,t-test,85,5,5.83095,97.70114,NSC,A,
6270,WS,Result,B08EEAH,EE,-99,-99,SP10,PERCENT,t-test,92,5,4.47213,100,NSC,A,
6270,WS,Result,B08MGAH,MG,-99,-99,NPA,PERCENT,t-test,85.4,5,4.72228,98.16091,NSC,A,
6271,WS,Result,B08EEAH,EE,-99,-99,SP10,PERCENT,t-test,61,5,9.61769,66.30434,SC,A,
6271,WS,Result,B08MGAH,MG,-99,-99,NPA,PERCENT,t-test,91.59999,5,4.33589,105.28735,NSC,A,
6280,WS,Result,B08EEAH,EE,-99,-99,SP10,PERCENT,t-test,81,5,9.61769,88.04347,SC,A,
6280,WS,Result,B08MGAH,MG,-99,-99,NPA,PERCENT,t-test,93.8,5,8.64291,107.81609,NSC,A,
6282,WS,Result,B08EEAH,EE,-99,-99,SP10,PERCENT,t-test,87,5,2.73861,94.56521,NSC,A,
6282,WS,Result,B08MGAH,MG,-99,-99,NPA,PERCENT,t-test,85.8,5,9.54986,98.62068,NSC,A,
6288,WS,Result,B08EE082608,EE,-99,-99,SP10,PERCENT,t-test,83,5,11.51086,87.59894,SC,A,
6288,WS,Result,B08MG02,MG,-99,-99,NPA,PERCENT,t-test,74.25,4,9.91211,92.58104,NSC,C,
6291,WS,Result,B08EE082608,EE,-99,-99,SP10,PERCENT,t-test,97,5,4.47213,102.37467,NSC,A,
6291,WS,Result,B08MG02,MG,-99,-99,NPA,PERCENT,t-test,73.19999,5,11.3446,91.27182,NSC,A,
6294,WS,Result,B08EE082608,EE,-99,-99,SP10,PERCENT,t-test,95,5,5,100.26385,NSC,A,
6294,WS,Result,B08MG01,MG,-99,-99,NPA,PERCENT,t-test,71.8,5,7.19027,97.55434,NSC,A,
6303,WS,Result,B08EESM,EE,-99,-99,SP10,PERCENT,t-test,99,5,2.23606,105.31914,NSC,A,
6303,WS,Result,B08MG091008,MG,-99,-99,NPA,PERCENT,Not tested,80.8,5,7.52994,81.94725,X,A,
6308,WS,Result,B08EESM,EE,-99,-99,SP10,PERCENT,t-test,99,5,2.23606,105.31914,NSC,A,
6308,WS,Result,B08MG091008,MG,-99,-99,NPA,PERCENT,Not tested,88.19999,5,6.30079,89.45233,X,A,
6311,WS,Result,B08EESM,EE,-99,-99,SP10,PERCENT,t-test,97,5,4.47213,103.19149,NSC,A,
6311,WS,Result,B08MG091008,MG,-99,-99,NPA,PERCENT,Not tested,86.59999,5,5.6833,87.82961,X,A,
6314,WS,Result,B08EESM,EE,-99,-99,SP10,PERCENT,t-test,95,5,5,101.06382,NSC,A,
6314,WS,Result,B08MG091008,MG,-99,-99,NPA,PERCENT,Not tested,81.75,4,20.12254,82.91075,X,X,Too many embryos added
6317,WS,Result,B08EESM,EE,-99,-99,SP10,PERCENT,t-test,93,5,6.7082,98.93617,NSC,A,
6317,WS,Result,B08MG091008,MG,-99,-99,NPA,PERCENT,Not tested,83.8,5,6.30079,84.98986,X,A,
6320,WS,Result,B08EE082608,EE,-99,-99,SP10,PERCENT,t-test,90,5,6.12372,94.9868,NSC,A,
6320,WS,Result,B08MG01,MG,-99,-99,NPA,PERCENT,t-test,93.8,5,4.76445,127.44565,NSC,A,
6325,WS,Result,B08EE082608,EE,-99,-99,SP10,PERCENT,t-test,93,5,2.73861,98.15303,NSC,A,
6325,WS,Result,B08MG01,MG,-99,-99,NPA,PERCENT,t-test,78.8,5,9.67987,107.06521,NSC,A,
6327,WS,Result,B08EE082608,EE,-99,-99,SP10,PERCENT,t-test,90,5,3.53553,94.9868,SC,A,
6327,WS,Result,B08MG01,MG,-99,-99,NPA,PERCENT,t-test,2.2,5,1.78885,2.98913,SC,A,
6328,WS,Result,B08EE082608,EE,-99,-99,SP10,PERCENT,t-test,87,5,5.70087,91.82057,SC,A,
6328,WS,Result,B08MG01,MG,-99,-99,NPA,PERCENT,t-test,85.19999,5,7.52994,115.76087,NSC,A,
6335,GTCN,RESULT,GC_B08MG1_S_TOX,MG,-99,-99,NPA,PERCENT,t-test,94.19999,5,13.59043,90.40306,NSC,AEK,
6335,OCSD,Result,OCSD03,EE,-99,-99,SP10,PERCENT,t-test,92,5,7.58287,96.8421,NSC,A,
6343,GTCN,RESULT,GC_B08MG1_S_TOX,MG,-99,-99,NPA,PERCENT,t-test,98.8,5,8.34865,94.81765,NSC,AEK,
6343,OCSD,Result,OCSD03,EE,-99,-99,SP10,PERCENT,t-test,93,5,6.7082,97.89473,NSC,A,
6344,GTCN,RESULT,GC_B08MG1_S_TOX,MG,-99,-99,NPA,PERCENT,t-test,77,5,17.37814,73.89635,SC,AEK,
6344,OCSD,Result,OCSD03,EE,-99,-99,SP10,PERCENT,t-test,66,5,8.94427,69.47368,SC,A,
6350,GTCN,RESULT,GC_B08MG1_S_TOX,MG,-99,-99,NPA,PERCENT,t-test,73.4,5,21.76694,70.44145,SC,AEK,
6350,OCSD,Result,OCSD03,EE,-99,-99,SP10,PERCENT,t-test,79,5,6.5192,83.15789,SC,A,
6354,GTCN,RESULT,GC_B08EE3_S_TOX,EE,-99,-99,SP10,PERCENT,t-test,86,5,13.87443,87.7551,NSC,AK,
6354,GTCN,RESULT,GC_B08MG3_S_TOX,MG,-99,-99,NPA,PERCENT,t-test,95.4,5,9.20869,106.95067,NSC,AK,
6355,ABC,Result,EOHT 9.1.2008,EE,-99,-99,SP10,PERCENT,t-test,92,5,2.73861,98.92472,NSC,A,
6355,GTCN,RESULT,GC_B08MG3_S_TOX,MG,-99,-99,NPA,PERCENT,t-test,96.8,5,6.83373,108.52017,NSC,AK,
6362,GTCN,RESULT,GC_B08EE3_S_TOX,EE,-99,-99,SP10,PERCENT,t-test,71,5,15.16575,72.44898,SC,AK,
6362,GTCN,RESULT,GC_B08MG3_S_TOX,MG,-99,-99,NPA,PERCENT,t-test,91.4,5,12.36122,102.46636,NSC,AK,
6363,GTCN,RESULT,GC_B08EE3_S_TOX,EE,-99,-99,SP10,PERCENT,t-test,81,5,12.94217,82.65306,SC,AK,
6363,GTCN,RESULT,GC_B08MG3_S_TOX,MG,-99,-99,NPA,PERCENT,t-test,100,5,9.97496,112.10762,NSC,AK,
6372,GTCN,RESULT,GC_B08EE3_S_TOX,EE,-99,-99,SP10,PERCENT,t-test,93,5,8.3666,94.89795,NSC,AK,
6372,GTCN,RESULT,GC_B08MG3_S_TOX,MG,-99,-99,NPA,PERCENT,t-test,82.4,5,8.01872,92.37667,NSC,AK,
6375,GTCN,RESULT,GC_B08EE6_S_TOX,EE,-99,-99,SP10,PERCENT,t-test,82,5,12.5499,87.23403,NSC,AEK,
6375,GTCN,RESULT,GC_B08MG6_S_TOX,MG,-99,-99,NPA,PERCENT,t-test,80,5,10.6066,94.56264,NSC,AK,
6382,GTCN,RESULT,GC_B08EE6_S_TOX,EE,-99,-99,SP10,PERCENT,t-test,86,5,7.41619,91.48936,SC,AEK,
6382,GTCN,RESULT,GC_B08MG6_S_TOX,MG,-99,-99,NPA,PERCENT,t-test,6.4,5,13.20227,7.56501,SC,AK,
6383,CLAEMD,RESULT,B0808071batch2b.E,EE,-99,-99,SP10,PERCENT,t-test,80,5,5,84.21052,SC,A,
6383,NE,Result,0809-S251,MG,-99,-99,NPA,PERCENT,t-test,64,5,34.87836,73.90299,NSC,E,
6384,CLAEMD,RESULT,B0808071batch2b.E,EE,-99,-99,SP10,PERCENT,t-test,89,5,7.41619,93.68421,NSC,A,
6384,NE,Result,0809-S251,MG,-99,-99,NPA,PERCENT,t-test,89.59999,5,21.33775,103.4642,NSC,E,
6386,CLAEMD,RESULT,B0807071batch2a.E,EE,-99,-99,SP10,PERCENT,t-test,69,5,13.87443,75.82417,SC,A,
6386,NE,Result,0809-S251,MG,-99,-99,NPA,PERCENT,t-test,84.4,5,9.60728,97.45958,NSC,E,
6387,CLAEMD,RESULT,B0807071batch2a.E,EE,-99,-99,SP10,PERCENT,t-test,71,5,11.93733,78.02198,SC,A,
6387,NE,Result,0809-S251,MG,-99,-99,NPA,PERCENT,t-test,79.8,5,13.80941,92.1478,NSC,E,
6402,CLAEMD,RESULT,B0808071batch2b.E,EE,-99,-99,SP10,PERCENT,t-test,56,5,8.94427,58.94736,SC,A,
6402,NE,Result,0809-S251,MG,-99,-99,NPA,PERCENT,t-test,82,5,13.50925,94.68822,NSC,E,
6404,CLAEMD,RESULT,B0808071batch2b.E,EE,-99,-99,SP10,PERCENT,t-test,82,5,5.70087,86.31578,SC,A,
6404,NE,Result,0809-S251,MG,-99,-99,NPA,PERCENT,t-test,79.19999,5,7.91833,91.45496,NSC,E,
6405,CLAEMD,RESULT,B0807071batch2a.E,EE,-99,-99,SP10,PERCENT,t-test,78,5,5.70087,85.71428,SC,A,
6405,NE,Result,0809-S099,MG,-99,-99,NPA,PERCENT,t-test,63,5,4.74341,74.46808,SC,AJ,
6406,ABC,QA,EOHT 7.31.2008,EE,-99,-99,SP10,PERCENT,t-test,93,5,2.73861,97.89473,NSC,A,
6406,CLAEMD,QA,B0807071batch2a.E,EE,-99,-99,SP10,PERCENT,t-test,82,5,5.70087,90.10989,SC,E,Sample held for 15 days
6406,CSD,QA,CSD005,EE,-99,-99,SP10,PERCENT,t-test,80,5,10,84.21052,SC,A,
6406,GTCN,QA,GC_B08EE1_S_TOX,EE,-99,-99,SP10,PERCENT,t-test,92,5,7.58287,100,NSC,AK,
6406,GTCN,RESULT,GC_B08MG1_S_TOX,MG,-99,-99,NPA,PERCENT,t-test,100,5,10.55935,95.96929,NSC,AEK,
6406,NE,QA,0807-S153,EE,-99,-99,SP10,PERCENT,t-test,91,5,6.5192,98.91304,NSC,A,
6406,OCSD,Result,OCSD03,EE,-99,-99,SP10,PERCENT,t-test,94,5,4.1833,98.94736,NSC,A,
6406,WS,QA,B08EELPLSELTJR,EE,-99,-99,SP10,PERCENT,t-test,83,5,10.36822,91.88191,NSC,A,
6406,WS,QA,B08MGSPLIT,MG,-99,-99,NPA,PERCENT,t-test,80.19999,5,13.21741,97.33009,NSC,A,
6407,CLAEMD,RESULT,B0809071batch4b.E,EE,-99,-99,SP10,PERCENT,t-test,85,5,11.72603,86.73469,SC,A,
6407,GTCN,RESULT,GC_B08MG5_S_TOX,MG,-99,-99,NPA,PERCENT,t-test,83.8,5,10.32956,83.13491,SC,AK,
6411,CLAEMD,RESULT,B0809071batch4b.E,EE,-99,-99,SP10,PERCENT,t-test,75,5,7.07106,76.5306,SC,A,
6411,GTCN,RESULT,GC_B08MG5_S_TOX,MG,-99,-99,NPA,PERCENT,t-test,83.8,5,5.80517,83.13491,SC,AK,
6413,CLAEMD,RESULT,B0807071batch2a.E,EE,-99,-99,SP10,PERCENT,t-test,86,5,10.83974,94.50549,NSC,A,
6413,NE,Result,0809-S099,MG,-99,-99,NPA,PERCENT,t-test,81,5,14.45683,95.74468,NSC,AJ,
6416,CLAEMD,RESULT,B0808071batch2b.E,EE,-99,-99,SP10,PERCENT,t-test,91,5,8.94427,95.78947,NSC,A,
6416,NE,Result,0809-S251,MG,-99,-99,NPA,PERCENT,t-test,84.19999,5,17.41263,97.22863,NSC,E,
6419,CLAEMD,RESULT,B0808071batch3b.E,EE,-99,-99,SP10,PERCENT,t-test,94,5,4.1833,95.91836,NSC,A,
6419,NE,Result,0808-S081,MG,-99,-99,NPA,PERCENT,t-test,70.4,5,37.03781,94.36997,NSC,E,
6424,CLAEMD,RESULT,B0807071batch2a.E,EE,-99,-99,SP10,PERCENT,t-test,77,5,7.58287,84.61538,SC,A,
6424,NE,Result,0809-S251,MG,-99,-99,NPA,PERCENT,t-test,88,5,14.67991,101.61663,NSC,E,
6428,CLAEMD,RESULT,B0808071batch2b.E,EE,-99,-99,SP10,PERCENT,t-test,99,5,2.23606,104.21052,NSC,A,
6428,NE,Result,0809-S251,MG,-99,-99,NPA,PERCENT,t-test,95,5,10.29563,109.69976,NSC,E,
6432,CLAEMD,RESULT,B0809071batch4a.E,EE,-99,-99,SP10,PERCENT,t-test,90,5,5,91.83673,SC,A,
6432,NE,Result,0809-S099,MG,-99,-99,NPA,PERCENT,t-test,68.19999,5,17.19593,80.61465,NSC,AJ,
6436,CLAEMD,RESULT,B0809071batch4b.E,EE,-99,-99,SP10,PERCENT,t-test,92,5,5.70087,93.87754,SC,A,
6436,GTCN,RESULT,GC_B08MG5_S_TOX,MG,-99,-99,NPA,PERCENT,t-test,91.19999,5,4.43846,90.47618,SC,AK,
6437,CLAEMD,RESULT,B0809071batch4a.E,EE,-99,-99,SP10,PERCENT,t-test,86,5,8.21583,87.7551,SC,A,
6437,NE,Result,0809-S099,MG,-99,-99,NPA,PERCENT,t-test,70.4,5,8.3845,83.21513,NSC,AJ,
6438,GTCN,RESULT,GC_B08EE6_S_TOX,EE,-99,-99,SP10,PERCENT,t-test,89,5,5.47722,94.68085,NSC,AEK,
6438,GTCN,RESULT,GC_B08MG6_S_TOX,MG,-99,-99,NPA,PERCENT,t-test,82,5,9.08295,96.92671,NSC,AK,
6442,GTCN,RESULT,GC_B08EE2_S_TOX,EE,-99,-99,SP10,PERCENT,t-test,82,5,5.70087,87.23403,SC,AEK,
6442,GTCN,RESULT,GC_B08MG2_S_TOX,MG,-99,-99,NPA,PERCENT,t-test,5.19999,5,1.48323,5.52016,SC,AKN,"Results were likely affected by ammonia concentration in the overlying water.  For the report, a value of 32% normal-alive was used based on the predicted effect of ammonia."
6443,CLAEMD,RESULT,B0808071batch3b.E,EE,-99,-99,SP10,PERCENT,t-test,92,5,4.47213,93.87754,SC,A,
6443,NE,Result,0808-S081,MG,-99,-99,NPA,PERCENT,t-test,78,5,12.60951,104.55764,NSC,E,
6444,CLAEMD,RESULT,B0809071batch4a.E,EE,-99,-99,SP10,PERCENT,t-test,83,5,4.47213,84.69387,SC,A,
6444,GTCN,RESULT,GC_B08MG5_S_TOX,MG,-99,-99,NPA,PERCENT,t-test,89.19999,5,7.32802,88.49206,SC,AEK,
6446,CLAEMD,RESULT,B0808071batch3b.E,EE,-99,-99,SP10,PERCENT,t-test,93,5,8.3666,94.89795,NSC,A,
6446,NE,Result,0808-S081,MG,-99,-99,NPA,PERCENT,t-test,80,5,8.74642,107.2386,NSC,E,
6447,CLAEMD,RESULT,B0809071batch4a.E,EE,-99,-99,SP10,PERCENT,t-test,89,5,6.5192,90.81632,SC,A,
6447,GTCN,RESULT,GC_B08MG5_S_TOX,MG,-99,-99,NPA,PERCENT,t-test,89.4,5,9.91463,88.69047,SC,AEK,
6448,CLAEMD,RESULT,B0809071batch4b.E,EE,-99,-99,SP10,PERCENT,t-test,81,5,9.61769,82.65306,SC,A,
6448,NE,Result,0809-S099,MG,-99,-99,NPA,PERCENT,t-test,59.79999,5,9.73139,70.68557,SC,AJ,
6449,CLAEMD,RESULT,B0808071batch3a.E,EE,-99,-99,SP10,PERCENT,t-test,95,5,3.53553,95,SC,A,
6449,NE,Result,0808-S081,MG,-99,-99,NPA,PERCENT,t-test,80.59999,5,3.78153,108.04289,NSC,E,
6450,CLAEMD,RESULT,B0808071batch2b.E,EE,-99,-99,SP10,PERCENT,t-test,89,5,9.61769,93.68421,NSC,A,
6450,NE,Result,0809-S251,MG,-99,-99,NPA,PERCENT,t-test,85.19999,5,8.58487,98.38336,NSC,E,
6451,GTCN,RESULT,GC_B08EE6_S_TOX,EE,-99,-99,SP10,PERCENT,t-test,87,5,10.95445,92.55319,NSC,AEK,
6451,GTCN,RESULT,GC_B08MG6_S_TOX,MG,-99,-99,NPA,PERCENT,t-test,85.19999,5,6.97853,100.70922,NSC,AK,
6460,CLAEMD,RESULT,B0808071batch3a.E,EE,-99,-99,SP10,PERCENT,t-test,96,5,4.1833,96,SC,A,
6460,NE,Result,0808-S081,MG,-99,-99,NPA,PERCENT,t-test,73.8,5,9.80815,98.92761,NSC,E,
6462,CLAEMD,RESULT,B0809071batch4b.E,EE,-99,-99,SP10,PERCENT,t-test,86,5,6.5192,87.7551,SC,A,
6462,NE,Result,0809-S099,MG,-99,-99,NPA,PERCENT,t-test,64.59999,5,8.82043,76.35933,SC,AJ,
6466,CLAEMD,RESULT,B0808071batch3a.E,EE,-99,-99,SP10,PERCENT,t-test,92,5,5.70087,92,SC,A,
6466,NE,Result,0808-S081,MG,-99,-99,NPA,PERCENT,t-test,82.8,5,10.44988,110.99195,NSC,E,
6467,CLAEMD,RESULT,B0808071batch3a.E,EE,-99,-99,SP10,PERCENT,t-test,91,5,2.23606,91,SC,A,
6467,NE,Result,0808-S081,MG,-99,-99,NPA,PERCENT,t-test,68.8,5,18.1989,92.2252,NSC,E,
6468,GTCN,RESULT,GC_B08EE1_S_TOX,EE,-99,-99,SP10,PERCENT,t-test,89,5,6.5192,96.73912,NSC,AEK,
6468,GTCN,RESULT,GC_B08MG1_S_TOX,MG,-99,-99,NPA,PERCENT,t-test,74.8,5,11.16691,71.78502,SC,AEK,
6472,GTCN,RESULT,GC_B08EE2_S_TOX,EE,-99,-99,SP10,PERCENT,t-test,82,5,5.70087,87.23403,SC,AEK,
6472,GTCN,RESULT,GC_B08MG2_S_TOX,MG,-99,-99,NPA,PERCENT,t-test,50.79999,5,32.34501,53.92781,SC,AK,
6478,CLAEMD,RESULT,B0809071batch4b.E,EE,-99,-99,SP10,PERCENT,t-test,94,5,4.1833,95.91836,NSC,A,
6478,GTCN,RESULT,GC_B08MG5_S_TOX,MG,-99,-99,NPA,PERCENT,t-test,91.4,5,8.29457,90.6746,SC,AK,
6479,GTCN,RESULT,GC_B08EE2_S_TOX,EE,-99,-99,SP10,PERCENT,t-test,76,5,6.5192,80.85106,SC,AEK,
6479,GTCN,RESULT,GC_B08MG2_S_TOX,MG,-99,-99,NPA,PERCENT,t-test,25,5,19.42935,26.53927,SC,AK,
6482,CLAEMD,RESULT,B0808071batch3a.E,EE,-99,-99,SP10,PERCENT,t-test,92,5,2.73861,92,SC,A,
6482,NE,Result,0808-S081,MG,-99,-99,NPA,PERCENT,t-test,74.8,5,7.82304,100.26809,NSC,E,
6485,ABC,QA,EOHT 7.31.2008,EE,-99,-99,SP10,PERCENT,t-test,85,5,3.53553,89.47368,SC,A,
6485,CLAEMD,QA,B0807071batch2a.E,EE,-99,-99,SP10,PERCENT,t-test,62,5,12.5499,68.13186,SC,E,Sample held for 15 days
6485,CSD,QA,CSD005,EE,-99,-99,SP10,PERCENT,t-test,60,5,15.81138,63.15789,SC,A,
6485,GTCN,RESULT,GC_B08EE1_S_TOX,EE,-99,-99,SP10,PERCENT,t-test,76,5,8.21583,82.60869,SC,AK,
6485,GTCN,RESULT,GC_B08MG1_S_TOX,MG,-99,-99,NPA,PERCENT,t-test,46.2,5,39.49303,44.33781,SC,AEK,
6485,NE,QA,0807-S153,EE,-99,-99,SP10,PERCENT,t-test,60,5,5,65.21739,SC,A,
6485,OCSD,QA,OCSD03,EE,-99,-99,SP10,PERCENT,t-test,57,5,13.50925,60,SC,A,
6485,WS,QA,B08EELPLSELTJR,EE,-99,-99,SP10,PERCENT,t-test,67,5,11.51086,74.16973,SC,A,
6485,WS,QA,B08MGSPLIT,MG,-99,-99,NPA,PERCENT,t-test,79.8,5,9.67987,96.84465,NSC,A,
6487,CLAEMD,RESULT,B0808071batch3a.E,EE,-99,-99,SP10,PERCENT,t-test,95,5,6.12372,95,NSC,A,
6487,NE,Result,0808-S081,MG,-99,-99,NPA,PERCENT,t-test,74,5,19.03943,99.1957,NSC,E,
6489,CLAEMD,RESULT,B0808071batch3a.E,EE,-99,-99,SP10,PERCENT,t-test,82,5,8.3666,82,SC,A,
6489,GTCN,QA,GC_B08EE3_S_TOX,EE,-99,-99,SP10,PERCENT,t-test,89,5,6.5192,90.81632,SC,E,
6489,GTCN,QA,GC_B08MG3_S_TOX,MG,-99,-99,NPA,PERCENT,t-test,79.4,5,16.99411,89.01345,NSC,E,
6489,NE,QA,0808-S161,EE,-99,-99,SP10,PERCENT,t-test,88,5,4.47213,91.66666,SC,A,
6489,NE,Result,0808-S081,MG,-99,-99,NPA,PERCENT,t-test,76.8,5,12.43784,102.94905,NSC,E,
6493,CLAEMD,RESULT,B0808071batch3b.E,EE,-99,-99,SP10,PERCENT,t-test,90,5,7.90569,91.83673,SC,A,
6493,NE,Result,0808-S081,MG,-99,-99,NPA,PERCENT,t-test,73.8,5,7.94984,98.92761,NSC,E,
6500,CSD,Result,CSD005,EE,-99,-99,SP10,PERCENT,t-test,68,5,8.3666,71.57894,SC,A,
6500,GTCN,RESULT,GC_B08MG1_S_TOX,MG,-99,-99,NPA,PERCENT,t-test,89.8,5,22.43211,86.18041,NSC,AEK,
6508,ABC,Result,EOHT 10.3.2008,EE,-99,-99,SP10,PERCENT,t-test,90,5,3.53553,95.74468,NSC,A,
6508,GTCN,RESULT,GC_B08MG6_S_TOX,MG,-99,-99,NPA,PERCENT,t-test,78.8,5,6.14003,93.14421,NSC,AK,
6513,ABC,Result,EOHT 10.3.2008,EE,-99,-99,SP10,PERCENT,t-test,91,5,2.23606,96.8085,NSC,A,
6513,GTCN,RESULT,GC_B08MG6_S_TOX,MG,-99,-99,NPA,PERCENT,t-test,84,5,17.36375,99.29077,NSC,AK,
6518,ABC,Result,EOHT 10.3.2008,EE,-99,-99,SP10,PERCENT,t-test,84,5,4.1833,89.3617,SC,A,
6518,GTCN,RESULT,GC_B08MG6_S_TOX,MG,-99,-99,NPA,PERCENT,t-test,83.8,5,1.64316,99.05437,NSC,AK,
6520,ABC,Result,EOHT 9.12.2008,EE,-99,-99,SP10,PERCENT,t-test,3,5,4.47213,3.26086,SC,A,
6520,GTCN,RESULT,GC_B08MG5_S_TOX,MG,-99,-99,NPA,PERCENT,t-test,0.4,5,0.89442,0.39682,SC,AKN,"Results were likely affected by ammonia concentration in the overlying water.  For the report, a value of 34% normal-alive was used based on the predicted effect of ammonia."
6527,ABC,Result,EOHT 10.3.2008,EE,-99,-99,SP10,PERCENT,t-test,20,5,7.90569,21.27659,SC,A,
6527,GTCN,QA,GC_B08EE6_S_TOX,EE,-99,-99,SP10,PERCENT,t-test,90,5,6.12372,95.74468,NSC,AEK,
6527,GTCN,RESULT,GC_B08MG6_S_TOX,MG,-99,-99,NPA,PERCENT,t-test,80.19999,5,11.077,94.79905,NSC,AK,
6530,ABC,Result,EOHT 10.3.2008,EE,-99,-99,SP10,PERCENT,t-test,90,5,3.53553,95.74468,NSC,A,
6530,GTCN,RESULT,GC_B08MG6_S_TOX,MG,-99,-99,NPA,PERCENT,t-test,85.19999,5,8.438,100.70922,NSC,AK,
6539,GTCN,RESULT,GC_B08EE4_S_TOX,EE,-99,-99,SP10,PERCENT,t-test,89,5,11.40175,95.69892,NSC,E,
6539,GTCN,RESULT,GC_B08MG4_S_TOX,MG,-99,-99,NPA,PERCENT,t-test,58.4,5,11.48041,64.17582,SC,E,
6543,GTCN,RESULT,GC_B08EE4_S_TOX,EE,-99,-99,SP10,PERCENT,t-test,55,5,18.70828,59.13978,SC,E,
6543,GTCN,RESULT,GC_B08MG4_S_TOX,MG,-99,-99,NPA,PERCENT,t-test,0,5,0,0,SC,E,
6546,ABC,Result,EOHT 9.12.2008,EE,-99,-99,SP10,PERCENT,t-test,83,5,10.36822,90.21739,NSC,A,
6546,GTCN,RESULT,GC_B08MG5_S_TOX,MG,-99,-99,NPA,PERCENT,t-test,90.59999,5,14.92648,89.88095,NSC,AEK,
6549,ABC,Result,EOHT 9.7.2008,EE,-99,-99,SP10,PERCENT,t-test,91,5,2.23606,97.84946,NSC,A,
6549,GTCN,RESULT,GC_B08MG5_S_TOX,MG,-99,-99,NPA,PERCENT,t-test,89,5,4.74341,88.29364,SC,AEK,
6553,ABC,Result,EOHT 9.7.2008,EE,-99,-99,SP10,PERCENT,t-test,87,5,2.73861,93.54838,SC,A,
6553,GTCN,RESULT,GC_B08MG5_S_TOX,MG,-99,-99,NPA,PERCENT,t-test,82.8,5,5.93295,82.14286,SC,AEK,
6560,ABC,Result,EOHT 9.7.2008,EE,-99,-99,SP10,PERCENT,t-test,85,5,7.07106,91.39785,SC,A,
6560,GTCN,RESULT,GC_B08MG5_S_TOX,MG,-99,-99,NPA,PERCENT,t-test,89.8,5,7.66159,89.0873,SC,AEK,
6562,GTCN,RESULT,GC_B08EE5_S_TOX,EE,-99,-99,SP10,PERCENT,t-test,96,5,5.47722,98.96907,NSC,AK,
6562,GTCN,RESULT,GC_B08MG5_S_TOX,MG,-99,-99,NPA,PERCENT,t-test,79.59999,5,15.53383,78.96825,SC,AK,
6570,WS,Result,B08EE090208,EE,-99,-99,SP10,PERCENT,t-test,92,5,2.73861,93.24324,SC,A,
6570,WS,Result,B08MG10,MG,-99,-99,NPA,PERCENT,t-test,71.4,5,5.94138,93.70079,NSC,A,
6572,WS,Result,B08EE090208,EE,-99,-99,SP10,PERCENT,t-test,92,5,5.70087,93.24324,SC,A,
6572,WS,Result,B08MG09R,MG,-99,-99,NPA,PERCENT,t-test,66.66666,3,15.5349,69.44444,SC,C,Only enough sample left for 3 reps
6649,CLAEMD,RESULT,B0809071batch4b.E,EE,-99,-99,SP10,PERCENT,t-test,92,5,5.70087,93.87754,SC,A,
6649,NE,Result,0809-S251,MG,-99,-99,NPA,PERCENT,t-test,100.19999,5,6.97853,115.70439,NSC,E,Sample jar was mislabeled as station 6493
6659,WS,Result,B08EE090908,EE,-99,-99,SP10,PERCENT,t-test,85,5,11.18033,88.0829,SC,A,
6659,WS,Result,B08MG14,MG,-99,-99,NPA,PERCENT,t-test,90.8,5,6.14003,89.37007,SC,A,
6660,WS,Result,B08EE090208,EE,-99,-99,SP10,PERCENT,t-test,92,5,7.58287,93.24324,NSC,A,
6660,WS,Result,B08MG13,MG,-99,-99,NPA,PERCENT,t-test,94,5,11.33578,93.0693,NSC,A,
6661,WS,Result,B08EE090208,EE,-99,-99,SP10,PERCENT,t-test,68,5,27.74887,68.91892,SC,A,
6661,WS,Result,B08MG12,MG,-99,-99,NPA,PERCENT,t-test,65.59999,5,16.59216,69.49152,SC,A,
0000,ABC,CNEG,EOHT 10.3.2008,EE,-99,-99,SP10,PERCENT,Not tested,94,5,4.1833,100,X,A,
0000,ABC,CNEG,EOHT 7.31.2008,EE,-99,-99,SP10,PERCENT,Not tested,95,5,3.53553,100,X,A,
0000,ABC,CNEG,EOHT 8.11.2008,EE,-99,-99,SP10,PERCENT,Not tested,95,5,3.53553,100,X,A,
0000,ABC,CNEG,EOHT 9.1.2008,EE,-99,-99,SP10,PERCENT,Not tested,93,5,4.47213,100,X,A,
0000,ABC,CNEG,EOHT 9.12.2008,EE,-99,-99,SP10,PERCENT,Not tested,92,5,2.73861,100,X,A,
0000,ABC,CNEG,EOHT 9.7.2008,EE,-99,-99,SP10,PERCENT,Not tested,93,5,4.47213,100,X,A,
0000,CLAEMD,CNEG,B0809071batch4a.E,EE,-99,-99,SP10,PERCENT,Not tested,98,5,2.73861,100,X,A,
0000,CLAEMD,CNEG,B0809071batch4b.E,EE,-99,-99,SP10,PERCENT,Not tested,98,5,2.73861,100,X,A,
0000,CLAEMD,CNEG,B0807071batch1a.E,EE,-99,-99,SP10,PERCENT,Not tested,97,5,4.47213,100,X,A,
0000,CLAEMD,CNEG,B0807071batch2a.E,EE,-99,-99,SP10,PERCENT,Not tested,91,5,2.23606,100,X,A,
0000,CLAEMD,CNEG,B0808071batch2b.E,EE,-99,-99,SP10,PERCENT,Not tested,95,5,3.53553,100,X,A,
0000,CLAEMD,CNEG,B0808071batch3a.E,EE,-99,-99,SP10,PERCENT,Not tested,100,5,0,100,X,A,
0000,CLAEMD,CNEG,B0808071batch3b.E,EE,-99,-99,SP10,PERCENT,Not tested,98,5,2.73861,100,X,A,
0000,CSD,CNEG,CSD003,EE,-99,-99,SP10,PERCENT,Not tested,96,5,4.1833,100,X,A,
0000,CSD,CNEG,CSD005,EE,-99,-99,SP10,PERCENT,Not tested,95,5,5,100,X,A,
0000,CSD,CNEG,CSD007,EE,-99,-99,SP10,PERCENT,Not tested,96,5,4.1833,100,X,A,
0000,CSD,CNEG,CSD008,EE,-99,-99,SP10,PERCENT,Not tested,97,5,4.47213,100,X,A,
0000,GTCN,CNEG,GC_B08EE1_S_TOX,EE,-99,-99,SP10,PERCENT,Not tested,92,5,6.7082,100,X,A,
0000,GTCN,CNEG,GC_B08EE2_S_TOX,EE,-99,-99,SP10,PERCENT,Not tested,94,5,2.23606,100,X,A,
0000,GTCN,CNEG,GC_B08EE3_S_TOX,EE,-99,-99,SP10,PERCENT,Not tested,98,5,4.47213,100,X,A,
0000,GTCN,CNEG,GC_B08EE4_S_TOX,EE,-99,-99,SP10,PERCENT,Not tested,93,5,8.3666,100,X,A,
0000,GTCN,CNEG,GC_B08EE5_S_TOX,EE,-99,-99,SP10,PERCENT,Not tested,97,5,2.73861,100,X,A,
0000,GTCN,CNEG,GC_B08EE6_S_TOX,EE,-99,-99,SP10,PERCENT,Not tested,94,5,2.23606,100,X,A,
0000,GTCN,CNEG,GC_B08MG1_S_TOX,MG,-99,-99,NPA,PERCENT,Not tested,104.19999,5,6.94262,100,X,A,
0000,GTCN,CNEG,GC_B08MG2_S_TOX,MG,-99,-99,NPA,PERCENT,Not tested,94.19999,5,7.19027,100,X,A,
0000,GTCN,CNEG,GC_B08MG3_S_TOX,MG,-99,-99,NPA,PERCENT,Not tested,89.19999,5,7.36206,100,X,A,
0000,GTCN,CNEG,GC_B08MG4_S_TOX,MG,-99,-99,NPA,PERCENT,Not tested,91,5,5.70087,100,X,A,
0000,GTCN,CNEG,GC_B08MG5_S_TOX,MG,-99,-99,NPA,PERCENT,Not tested,100.8,5,3.96232,100,X,A,
0000,GTCN,CNEG,GC_B08MG6_S_TOX,MG,-99,-99,NPA,PERCENT,Not tested,84.59999,5,12.60158,100,X,A,
0000,NE,CNEG,0807-S153,EE,-99,-99,SP10,PERCENT,Not tested,92,5,6.7082,100,X,A,
0000,NE,CNEG,0808-S161,EE,-99,-99,SP10,PERCENT,Not tested,96,5,6.5192,100,X,A,
0000,NE,CNEG,0808-S081,MG,-99,-99,NPA,PERCENT,Not tested,74.59999,5,12.89573,100,X,E,
0000,NE,CNEG,0809-S099,MG,-99,-99,NPA,PERCENT,Not tested,84.59999,5,17.70028,100,X,AJ,
0000,NE,CNEG,0809-S251,MG,-99,-99,NPA,PERCENT,Not tested,86.59999,5,5.27257,100,X,E,
0000,OCSD,CNEG,OCSD03,EE,-99,-99,SP10,PERCENT,Not tested,95,5,0,100,X,A,
0000,WS,CNEG,B08EE082008,EE,-99,-99,SP10,PERCENT,Not tested,90.5,10,8.31665,100,X,A,
0000,WS,CNEG,B08EE082608,EE,-99,-99,SP10,PERCENT,Not tested,94.75,20,9.66205,100,X,A,
0000,WS,CNEG,B08EE090208,EE,-99,-99,SP10,PERCENT,Not tested,98.66666,15,2.96808,100,X,A,
0000,WS,CNEG,B08EE090508,EE,-99,-99,SP10,PERCENT,Not tested,97,10,3.49602,100,X,A,
0000,WS,CNEG,B08EE090908,EE,-99,-99,SP10,PERCENT,Not tested,96.5,10,4.11636,100,X,A,
0000,WS,CNEG,B08EE100708,EE,-99,-99,SP10,PERCENT,Not tested,97,5,4.47213,100,X,A,
0000,WS,CNEG,B08EEAH,EE,-99,-99,SP10,PERCENT,Not tested,92,5,5.70087,100,X,A,
0000,WS,CNEG,B08EEBL,EE,-99,-99,SP10,PERCENT,Not tested,95.59999,5,6.0663,100,X,A,
0000,WS,CNEG,B08EELPLSELTJR,EE,-99,-99,SP10,PERCENT,Not tested,90.33333,15,5.49891,100,X,A,
0000,WS,CNEG,B08EESDR,EE,-99,-99,SP10,PERCENT,Not tested,95,5,7.07106,100,X,A,
0000,WS,CNEG,B08EESM,EE,-99,-99,SP10,PERCENT,Not tested,94,5,5.47722,100,X,A,
0000,WS,CNEG,B08EESW,EE,-99,-99,SP10,PERCENT,Not tested,90,5,6.12372,100,X,A,
0000,WS,CNEG,B08MG07,MG,-99,-99,NPA,PERCENT,Not tested,86.59999,5,12.81795,100,X,A,
0000,WS,CNEG,B08MG08,MG,-99,-99,NPA,PERCENT,Not tested,76.4,5,6.58027,100,X,A,
0000,WS,CNEG,B08MG091008,MG,-99,-99,NPA,PERCENT,Not tested,98.59999,5,6.69328,100,X,A,
0000,WS,CNEG,B08MG09R,MG,-99,-99,NPA,PERCENT,Not tested,96,5,7.90569,100,X,A,
0000,WS,CNEG,B08MG10,MG,-99,-99,NPA,PERCENT,Not tested,76.19999,5,10.80277,100,X,A,
0000,WS,CNEG,B08MG11,MG,-99,-99,NPA,PERCENT,Not tested,81,5,5.04975,100,X,A,
0000,WS,CNEG,B08MG12,MG,-99,-99,NPA,PERCENT,Not tested,94.4,5,7.82943,100,X,A,
0000,WS,CNEG,B08MG13,MG,-99,-99,NPA,PERCENT,Not tested,101,5,21.34244,100,X,A,
0000,WS,CNEG,B08MG14,MG,-99,-99,NPA,PERCENT,Not tested,101.59999,5,6.22896,100,X,A,
0000,WS,CNEG,B08MG15,MG,-99,-99,NPA,PERCENT,Not tested,101,5,6.67083,100,X,A,
0000,WS,CNEG,B08MGAH,MG,-99,-99,NPA,PERCENT,Not tested,87,5,4.47213,100,X,A,
0000,WS,CNEG,B08MGLPL,MG,-99,-99,NPA,PERCENT,Not tested,76.19999,5,37.69217,100,X,A,
0000,WS,CNEG,B08MGSDR,MG,-99,-99,NPA,PERCENT,Not tested,88.19999,5,8.49705,100,X,A,
0000,WS,CNEG,B08MGSEL,MG,-99,-99,NPA,PERCENT,Not tested,85.59999,5,7.82943,100,X,A,
0000,WS,CNEG,B08MGSPLIT,MG,-99,-99,NPA,PERCENT,Not tested,82.4,5,7.4027,100,X,A,
0000,WS,CNEG,B08MGSW,MG,-99,-99,NPA,PERCENT,Not tested,80,5,12.74754,100,X,A,
0000,WS,CNEG,B08MGTJR,MG,-99,-99,NPA,PERCENT,Not tested,88.8,5,10.18332,100,X,A,
0000,WS,CNEG,B08MG01,MG,-99,-99,NPA,PERCENT,Not tested,73.59999,5,21.54762,100,X,A,
0000,WS,CNEG,B08MG02,MG,-99,-99,NPA,PERCENT,Not tested,80.19999,5,13.31164,100,X,A,
0000,WS,CNEG,B08MG03,MG,-99,-99,NPA,PERCENT,Not tested,77.5,4,13.27905,100,X,C,
0000,WS,CNEG,B08MG04,MG,-99,-99,NPA,PERCENT,Not tested,78.8,5,13.62717,100,X,A,
0000,WS,CNEG,B08MG06,MG,-99,-99,NPA,PERCENT,Not tested,88,5,15.76388,100,X,A,
7002,CSD,Result,CSD003,EE,-99,-99,SP10,PERCENT,t-test,86,5,10.83974,89.58333,NSC,A,
7008,CSD,Result,CSD003,EE,-99,-99,SP10,PERCENT,t-test,91,5,4.1833,94.79166,SC,A,
7009,CSD,Result,CSD003,EE,-99,-99,SP10,PERCENT,t-test,86,5,6.5192,89.58333,SC,A,
7122,GTCN,RESULT,GC_B08EE5_S_TOX,EE,-99,-99,SP10,PERCENT,t-test,90,5,6.12372,92.7835,SC,AEK,
7158,GTCN,RESULT,GC_B08EE5_S_TOX,EE,-99,-99,SP10,PERCENT,t-test,92,5,2.73861,94.84535,SC,AEK,
7166,OCSD,Result,OCSD03,EE,-99,-99,SP10,PERCENT,t-test,89,5,5.47722,93.68421,SC,A,
7208,OCSD,Result,OCSD03,EE,-99,-99,SP10,PERCENT,t-test,85,5,7.90569,89.47368,SC,A,
7231,OCSD,Result,OCSD03,EE,-99,-99,SP10,PERCENT,t-test,93,5,6.7082,97.89473,NSC,A,
7269,OCSD,Result,OCSD03,EE,-99,-99,SP10,PERCENT,t-test,91,5,5.47722,95.78947,NSC,A,
7287,OCSD,Result,OCSD03,EE,-99,-99,SP10,PERCENT,t-test,93,5,8.3666,97.89473,NSC,A,
7293,OCSD,Result,OCSD03,EE,-99,-99,SP10,PERCENT,t-test,97,5,2.73861,102.10526,NSC,A,
7300,OCSD,Result,OCSD03,EE,-99,-99,SP10,PERCENT,t-test,94,5,4.1833,98.94736,NSC,A,
7301,GTCN,RESULT,GC_B08EE2_S_TOX,EE,-99,-99,SP10,PERCENT,t-test,94,5,6.5192,100,NSC,AEK,
7321,GTCN,RESULT,GC_B08EE2_S_TOX,EE,-99,-99,SP10,PERCENT,t-test,86,5,6.5192,91.48936,SC,AEK,
7395,GTCN,RESULT,GC_B08EE2_S_TOX,EE,-99,-99,SP10,PERCENT,t-test,87,5,10.36822,92.55319,NSC,AEK,
7417,CLAEMD,RESULT,B0807071batch1a.E,EE,-99,-99,SP10,PERCENT,t-test,100,5,0,103.09278,NSC,A,
7461,CLAEMD,RESULT,B0807071batch1a.E,EE,-99,-99,SP10,PERCENT,t-test,95,5,3.53553,97.93814,NSC,A,
7517,CLAEMD,RESULT,B0807071batch1a.E,EE,-99,-99,SP10,PERCENT,t-test,94,5,6.5192,96.90721,NSC,A,
7528,ABC,Result,EOHT 9.1.2008,EE,-99,-99,SP10,PERCENT,t-test,83,5,4.47213,89.24731,SC,A,
7542,ABC,Result,EOHT 9.1.2008,EE,-99,-99,SP10,PERCENT,t-test,92,5,4.47213,98.92472,NSC,A,
7596,ABC,Result,EOHT 9.7.2008,EE,-99,-99,SP10,PERCENT,t-test,92,5,2.73861,98.92472,NSC,A,
7629,ABC,Result,EOHT 8.11.2008,EE,-99,-99,SP10,PERCENT,t-test,89,5,4.1833,93.68421,SC,A,
7652,CSD,Result,CSD007,EE,-99,-99,SP10,PERCENT,t-test,96,5,4.1833,100,NSC,A,
7654,CSD,Result,CSD007,EE,-99,-99,SP10,PERCENT,t-test,97,5,6.7082,101.04166,NSC,A,
7681,ABC,Result,EOHT 8.11.2008,EE,-99,-99,SP10,PERCENT,t-test,92,5,4.47213,96.8421,NSC,A,
7696,CSD,Result,CSD007,EE,-99,-99,SP10,PERCENT,t-test,96,5,5.47722,100,NSC,A,
7727,CSD,Result,CSD007,EE,-99,-99,SP10,PERCENT,t-test,94,5,4.1833,97.91666,NSC,A,
7728,ABC,Result,EOHT 8.11.2008,EE,-99,-99,SP10,PERCENT,t-test,88,5,2.73861,92.63157,SC,A,
7735,ABC,Result,EOHT 8.11.2008,EE,-99,-99,SP10,PERCENT,t-test,91,5,6.5192,95.78947,NSC,A,
7741,CSD,Result,CSD007,EE,-99,-99,SP10,PERCENT,t-test,97,5,2.73861,101.04166,NSC,A,
GS00,ABC,QA,EOHT 10.3.2008,EE,-99,-99,SP10,PERCENT,t-test,94,5,4.1833,100,NSC,A,
GS00,ABC,QA,EOHT 7.31.2008,EE,-99,-99,SP10,PERCENT,t-test,93,5,2.73861,97.89473,NSC,A,
GS00,ABC,QA,EOHT 8.11.2008,EE,-99,-99,SP10,PERCENT,t-test,92,5,2.73861,96.8421,NSC,A,
GS00,ABC,QA,EOHT 9.1.2008,EE,-99,-99,SP10,PERCENT,t-test,93,5,4.47213,100,NSC,A,
GS00,ABC,QA,EOHT 9.12.2008,EE,-99,-99,SP10,PERCENT,t-test,87,5,2.73861,94.56521,SC,A,
GS00,ABC,QA,EOHT 9.7.2008,EE,-99,-99,SP10,PERCENT,t-test,93,5,4.47213,100,NSC,A,
GS00,CLAEMD,QA,B0809071batch4a.E,EE,-99,-99,SP10,PERCENT,t-test,92,5,7.58287,93.87754,NSC,A,Grain size control; 40 amphipods exposed in replicate -- percent survival = (# survived/40) * 100
GS00,CLAEMD,QA,B0807071batch1a.E,EE,-99,-99,SP10,PERCENT,t-test,83,5,5.70087,85.567,SC,A,Grain size control
GS00,CLAEMD,QA,B0807071batch2a.E,EE,-99,-99,SP10,PERCENT,t-test,77,5,8.3666,84.61538,SC,A,Grain size control
GS00,CLAEMD,QA,B0808071batch3a.E,EE,-99,-99,SP10,PERCENT,t-test,95,5,5,95,SC,A,Grain size control
GS00,CSD,QA,CSD005,EE,-99,-99,SP10,PERCENT,t-test,85,5,7.90569,89.47368,SC,A,
GS00,CSD,QA,CSD007,EE,-99,-99,SP10,PERCENT,t-test,96,5,6.5192,100,NSC,A,
GS00,GTCN,QA,GC_B08EE1_S_TOX,EE,-99,-99,SP10,PERCENT,t-test,85,5,10,92.3913,NSC,A,
GS00,GTCN,QA,GC_B08EE2_S_TOX,EE,-99,-99,SP10,PERCENT,t-test,71.25,4,4.78713,75.79787,SC,ACE,Replicate Lost
GS00,GTCN,QA,GC_B08EE3_S_TOX,EE,-99,-99,SP10,PERCENT,t-test,87,5,10.36822,88.77551,SC,A,
GS00,GTCN,QA,GC_B08EE4_S_TOX,EE,-99,-99,SP10,PERCENT,t-test,86,5,8.21583,92.47312,NSC,A,
GS00,GTCN,QA,GC_B08EE5_S_TOX,EE,-99,-99,SP10,PERCENT,t-test,92,5,5.70087,94.84535,NSC,A,
GS00,GTCN,QA,GC_B08EE6_S_TOX,EE,-99,-99,SP10,PERCENT,t-test,79,5,9.61769,84.04255,SC,A,
GS00,NE,QA,0807-S153,EE,-99,-99,SP10,PERCENT,t-test,75,5,10,81.52173,SC,A,
GS00,NE,QA,0808-S161,EE,-99,-99,SP10,PERCENT,t-test,87,5,7.58287,90.625,SC,A,
GS00,OCSD,QA,OCSD03,EE,-99,-99,SP10,PERCENT,t-test,73,5,11.51086,76.8421,SC,A,Grain Size Control
GS00,WS,QA,B08EE082008,EE,-99,-99,SP10,PERCENT,t-test,78,5,12.04159,86.18784,SC,A,
GS00,WS,QA,B08EE082608,EE,-99,-99,SP10,PERCENT,t-test,92,5,5.70087,97.09762,NSC,A,
GS00,WS,QA,B08EE090208,EE,-99,-99,SP10,PERCENT,t-test,80,5,9.35414,81.08107,SC,A,
GS00,WS,QA,B08EE090508,EE,-99,-99,SP10,PERCENT,t-test,78,10,7.8881,80.41236,SC,A,
GS00,WS,QA,B08EE090908,EE,-99,-99,SP10,PERCENT,t-test,81,5,12.44989,83.93782,SC,A,
GS00,WS,QA,B08EELPLSELTJR,EE,-99,-99,SP10,PERCENT,t-test,65,5,11.18033,71.95571,SC,A,
GS00,WS,QA,B08EESDR,EE,-99,-99,SP10,PERCENT,t-test,85,5,11.72603,89.47368,SC,A,
SC12,WS,CNEG,B08EESEL6242,EE,-99,-99,SP10,PERCENT,Not tested,90,5,7.90569,100,X,A,
